gender,age_band,item,percentile,value
M,19-24,grip,10,47.9
M,19-24,grip,25,54.3
M,19-24,grip,50,61.2
M,19-24,grip,75,68.1
M,19-24,grip,90,74.7
M,19-24,sit_up,10,30.0
M,19-24,sit_up,25,37.0
M,19-24,sit_up,50,45.0
M,19-24,sit_up,75,52.0
M,19-24,sit_up,90,58.0
M,19-24,sit_reach,10,-3.6
M,19-24,sit_reach,25,4.3
M,19-24,sit_reach,50,10.9
M,19-24,sit_reach,75,16.3
M,19-24,sit_reach,90,20.1
M,19-24,shuttle_run,10,24.0
M,19-24,shuttle_run,25,34.0
M,19-24,shuttle_run,50,46.0
M,19-24,shuttle_run,75,61.0
M,19-24,shuttle_run,90,65.0
M,19-24,standing_jump,10,183.0
M,19-24,standing_jump,25,203.0
M,19-24,standing_jump,50,221.0
M,19-24,standing_jump,75,237.0
M,19-24,standing_jump,90,251.0
M,25-29,grip,10,48.7
M,25-29,grip,25,55.1
M,25-29,grip,50,61.8
M,25-29,grip,75,68.4
M,25-29,grip,90,74.5
M,25-29,sit_up,10,29.0
M,25-29,sit_up,25,37.0
M,25-29,sit_up,50,45.0
M,25-29,sit_up,75,52.0
M,25-29,sit_up,90,57.0
M,25-29,sit_reach,10,-4.5
M,25-29,sit_reach,25,3.7
M,25-29,sit_reach,50,10.1
M,25-29,sit_reach,75,15.3
M,25-29,sit_reach,90,19.2
M,25-29,shuttle_run,10,23.0
M,25-29,shuttle_run,25,32.0
M,25-29,shuttle_run,50,42.0
M,25-29,shuttle_run,75,54.0
M,25-29,shuttle_run,90,62.0
M,25-29,standing_jump,10,180.0
M,25-29,standing_jump,25,199.0
M,25-29,standing_jump,50,215.0
M,25-29,standing_jump,75,230.0
M,25-29,standing_jump,90,244.0
M,30-34,grip,10,49.1
M,30-34,grip,25,55.1
M,30-34,grip,50,61.2
M,30-34,grip,75,67.9
M,30-34,grip,90,74.1
M,30-34,sit_up,10,29.0
M,30-34,sit_up,25,36.0
M,30-34,sit_up,50,44.0
M,30-34,sit_up,75,50.0
M,30-34,sit_up,90,56.0
M,30-34,sit_reach,10,-4.1
M,30-34,sit_reach,25,3.7
M,30-34,sit_reach,50,10.2
M,30-34,sit_reach,75,15.4
M,30-34,sit_reach,90,19.1
M,30-34,shuttle_run,10,21.0
M,30-34,shuttle_run,25,31.0
M,30-34,shuttle_run,50,41.0
M,30-34,shuttle_run,75,50.0
M,30-34,shuttle_run,90,61.0
M,30-34,standing_jump,10,182.0
M,30-34,standing_jump,25,199.0
M,30-34,standing_jump,50,215.0
M,30-34,standing_jump,75,228.0
M,30-34,standing_jump,90,240.0
M,35-39,grip,10,48.9
M,35-39,grip,25,54.6
M,35-39,grip,50,61.0
M,35-39,grip,75,67.4
M,35-39,grip,90,73.4
M,35-39,sit_up,10,28.0
M,35-39,sit_up,25,35.0
M,35-39,sit_up,50,42.0
M,35-39,sit_up,75,48.0
M,35-39,sit_up,90,55.0
M,35-39,sit_reach,10,-4.8
M,35-39,sit_reach,25,3.7
M,35-39,sit_reach,50,10.3
M,35-39,sit_reach,75,15.4
M,35-39,sit_reach,90,19.4
M,35-39,shuttle_run,10,20.0
M,35-39,shuttle_run,25,28.0
M,35-39,shuttle_run,50,38.0
M,35-39,shuttle_run,75,47.0
M,35-39,shuttle_run,90,60.0
M,35-39,standing_jump,10,179.0
M,35-39,standing_jump,25,198.0
M,35-39,standing_jump,50,213.0
M,35-39,standing_jump,75,226.0
M,35-39,standing_jump,90,236.0
M,40-44,grip,10,49.0
M,40-44,grip,25,54.9
M,40-44,grip,50,61.4
M,40-44,grip,75,67.8
M,40-44,grip,90,73.6
M,40-44,sit_up,10,25.0
M,40-44,sit_up,25,32.0
M,40-44,sit_up,50,39.0
M,40-44,sit_up,75,46.0
M,40-44,sit_up,90,52.0
M,40-44,sit_reach,10,-4.3
M,40-44,sit_reach,25,3.7
M,40-44,sit_reach,50,10.0
M,40-44,sit_reach,75,15.5
M,40-44,sit_reach,90,19.3
M,40-44,shuttle_run,10,18.0
M,40-44,shuttle_run,25,27.0
M,40-44,shuttle_run,50,36.0
M,40-44,shuttle_run,75,44.0
M,40-44,shuttle_run,90,53.0
M,40-44,standing_jump,10,180.2
M,40-44,standing_jump,25,196.0
M,40-44,standing_jump,50,210.0
M,40-44,standing_jump,75,222.0
M,40-44,standing_jump,90,233.0
M,45-49,grip,10,48.7
M,45-49,grip,25,54.2
M,45-49,grip,50,60.4
M,45-49,grip,75,66.4
M,45-49,grip,90,72.5
M,45-49,sit_up,10,23.0
M,45-49,sit_up,25,30.0
M,45-49,sit_up,50,37.0
M,45-49,sit_up,75,43.0
M,45-49,sit_up,90,49.0
M,45-49,sit_reach,10,-4.5
M,45-49,sit_reach,25,3.3
M,45-49,sit_reach,50,9.6
M,45-49,sit_reach,75,14.8
M,45-49,sit_reach,90,18.8
M,45-49,shuttle_run,10,17.0
M,45-49,shuttle_run,25,24.0
M,45-49,shuttle_run,50,32.0
M,45-49,shuttle_run,75,41.0
M,45-49,shuttle_run,90,51.0
M,45-49,standing_jump,10,173.0
M,45-49,standing_jump,25,188.0
M,45-49,standing_jump,50,202.0
M,45-49,standing_jump,75,214.0
M,45-49,standing_jump,90,223.0
M,50-54,grip,10,48.3
M,50-54,grip,25,53.8
M,50-54,grip,50,59.9
M,50-54,grip,75,66.1
M,50-54,grip,90,71.8
M,50-54,sit_up,10,19.0
M,50-54,sit_up,25,26.0
M,50-54,sit_up,50,33.0
M,50-54,sit_up,75,40.0
M,50-54,sit_up,90,47.0
M,50-54,sit_reach,10,-3.9
M,50-54,sit_reach,25,3.5
M,50-54,sit_reach,50,9.2
M,50-54,sit_reach,75,14.3
M,50-54,sit_reach,90,18.3
M,50-54,shuttle_run,10,15.0
M,50-54,shuttle_run,25,21.0
M,50-54,shuttle_run,50,28.0
M,50-54,shuttle_run,75,36.0
M,50-54,shuttle_run,90,42.0
M,50-54,standing_jump,10,164.0
M,50-54,standing_jump,25,178.8
M,50-54,standing_jump,50,193.0
M,50-54,standing_jump,75,205.0
M,50-54,standing_jump,90,215.0
M,55-59,grip,10,46.9
M,55-59,grip,25,53.1
M,55-59,grip,50,59.2
M,55-59,grip,75,65.0
M,55-59,grip,90,70.6
M,55-59,sit_up,10,18.0
M,55-59,sit_up,25,23.0
M,55-59,sit_up,50,30.0
M,55-59,sit_up,75,37.0
M,55-59,sit_up,90,43.0
M,55-59,sit_reach,10,-2.7
M,55-59,sit_reach,25,4.0
M,55-59,sit_reach,50,10.0
M,55-59,sit_reach,75,14.6
M,55-59,sit_reach,90,19.0
M,55-59,shuttle_run,10,13.0
M,55-59,shuttle_run,25,18.0
M,55-59,shuttle_run,50,23.0
M,55-59,shuttle_run,75,31.0
M,55-59,shuttle_run,90,37.0
M,55-59,standing_jump,10,150.0
M,55-59,standing_jump,25,168.0
M,55-59,standing_jump,50,182.0
M,55-59,standing_jump,75,196.0
M,55-59,standing_jump,90,207.0
M,60-64,grip,10,47.8
M,60-64,grip,25,53.0
M,60-64,grip,50,58.1
M,60-64,grip,75,63.7
M,60-64,grip,90,69.5
M,60-64,sit_up,10,15.0
M,60-64,sit_up,25,21.0
M,60-64,sit_up,50,27.0
M,60-64,sit_up,75,34.0
M,60-64,sit_up,90,40.0
M,60-64,sit_reach,10,-0.8
M,60-64,sit_reach,25,5.1
M,60-64,sit_reach,50,10.0
M,60-64,sit_reach,75,14.3
M,60-64,sit_reach,90,17.9
M,60-64,shuttle_run,10,12.0
M,60-64,shuttle_run,25,15.0
M,60-64,shuttle_run,50,20.0
M,60-64,shuttle_run,75,26.0
M,60-64,shuttle_run,90,30.0
M,60-64,standing_jump,10,143.6
M,60-64,standing_jump,25,160.0
M,60-64,standing_jump,50,174.0
M,60-64,standing_jump,75,185.0
M,60-64,standing_jump,90,197.0
F,19-24,grip,10,38.9
F,19-24,grip,25,43.7
F,19-24,grip,50,48.8
F,19-24,grip,75,54.2
F,19-24,grip,90,59.0
F,19-24,sit_up,10,12.0
F,19-24,sit_up,25,21.0
F,19-24,sit_up,50,30.0
F,19-24,sit_up,75,38.0
F,19-24,sit_up,90,45.0
F,19-24,sit_reach,10,5.3
F,19-24,sit_reach,25,11.6
F,19-24,sit_reach,50,17.2
F,19-24,sit_reach,75,21.8
F,19-24,sit_reach,90,25.5
F,19-24,shuttle_run,10,13.0
F,19-24,shuttle_run,25,18.0
F,19-24,shuttle_run,50,24.0
F,19-24,shuttle_run,75,31.0
F,19-24,shuttle_run,90,35.0
F,19-24,standing_jump,10,130.0
F,19-24,standing_jump,25,145.0
F,19-24,standing_jump,50,161.0
F,19-24,standing_jump,75,174.0
F,19-24,standing_jump,90,188.0
F,25-29,grip,10,39.3
F,25-29,grip,25,44.5
F,25-29,grip,50,49.8
F,25-29,grip,75,55.0
F,25-29,grip,90,60.1
F,25-29,sit_up,10,14.0
F,25-29,sit_up,25,21.0
F,25-29,sit_up,50,29.0
F,25-29,sit_up,75,35.0
F,25-29,sit_up,90,42.0
F,25-29,sit_reach,10,5.6
F,25-29,sit_reach,25,11.6
F,25-29,sit_reach,50,17.2
F,25-29,sit_reach,75,21.4
F,25-29,sit_reach,90,25.1
F,25-29,shuttle_run,10,12.4
F,25-29,shuttle_run,25,17.0
F,25-29,shuttle_run,50,22.0
F,25-29,shuttle_run,75,28.0
F,25-29,shuttle_run,90,33.0
F,25-29,standing_jump,10,128.0
F,25-29,standing_jump,25,144.0
F,25-29,standing_jump,50,158.0
F,25-29,standing_jump,75,170.0
F,25-29,standing_jump,90,181.0
F,30-34,grip,10,35.9
F,30-34,grip,25,41.7
F,30-34,grip,50,47.3
F,30-34,grip,75,53.6
F,30-34,grip,90,59.0
F,30-34,sit_up,10,13.0
F,30-34,sit_up,25,21.0
F,30-34,sit_up,50,28.0
F,30-34,sit_up,75,36.0
F,30-34,sit_up,90,43.0
F,30-34,sit_reach,10,3.0
F,30-34,sit_reach,25,10.3
F,30-34,sit_reach,50,16.7
F,30-34,sit_reach,75,21.2
F,30-34,sit_reach,90,24.8
F,30-34,shuttle_run,10,10.0
F,30-34,shuttle_run,25,14.0
F,30-34,shuttle_run,50,20.0
F,30-34,shuttle_run,75,26.0
F,30-34,shuttle_run,90,33.3
F,30-34,standing_jump,10,121.0
F,30-34,standing_jump,25,136.0
F,30-34,standing_jump,50,153.0
F,30-34,standing_jump,75,167.0
F,30-34,standing_jump,90,179.0
F,35-39,grip,10,36.0
F,35-39,grip,25,41.2
F,35-39,grip,50,47.5
F,35-39,grip,75,53.4
F,35-39,grip,90,58.6
F,35-39,sit_up,10,12.0
F,35-39,sit_up,25,19.0
F,35-39,sit_up,50,26.0
F,35-39,sit_up,75,33.0
F,35-39,sit_up,90,40.0
F,35-39,sit_reach,10,1.5
F,35-39,sit_reach,25,9.2
F,35-39,sit_reach,50,15.8
F,35-39,sit_reach,75,20.9
F,35-39,sit_reach,90,24.5
F,35-39,shuttle_run,10,8.0
F,35-39,shuttle_run,25,12.0
F,35-39,shuttle_run,50,17.0
F,35-39,shuttle_run,75,25.0
F,35-39,shuttle_run,90,31.0
F,35-39,standing_jump,10,118.0
F,35-39,standing_jump,25,132.0
F,35-39,standing_jump,50,149.0
F,35-39,standing_jump,75,163.0
F,35-39,standing_jump,90,175.0
F,40-44,grip,10,35.9
F,40-44,grip,25,41.4
F,40-44,grip,50,47.2
F,40-44,grip,75,53.2
F,40-44,grip,90,58.6
F,40-44,sit_up,10,10.0
F,40-44,sit_up,25,18.0
F,40-44,sit_up,50,25.0
F,40-44,sit_up,75,31.0
F,40-44,sit_up,90,38.0
F,40-44,sit_reach,10,2.9
F,40-44,sit_reach,25,9.1
F,40-44,sit_reach,50,15.0
F,40-44,sit_reach,75,20.1
F,40-44,sit_reach,90,23.6
F,40-44,shuttle_run,10,8.6
F,40-44,shuttle_run,25,11.5
F,40-44,shuttle_run,50,16.0
F,40-44,shuttle_run,75,21.5
F,40-44,shuttle_run,90,29.0
F,40-44,standing_jump,10,116.0
F,40-44,standing_jump,25,130.0
F,40-44,standing_jump,50,146.0
F,40-44,standing_jump,75,160.0
F,40-44,standing_jump,90,173.0
F,45-49,grip,10,35.5
F,45-49,grip,25,41.1
F,45-49,grip,50,46.8
F,45-49,grip,75,51.9
F,45-49,grip,90,56.9
F,45-49,sit_up,10,6.0
F,45-49,sit_up,25,16.0
F,45-49,sit_up,50,23.0
F,45-49,sit_up,75,30.0
F,45-49,sit_up,90,36.0
F,45-49,sit_reach,10,2.5
F,45-49,sit_reach,25,9.1
F,45-49,sit_reach,50,15.0
F,45-49,sit_reach,75,19.6
F,45-49,sit_reach,90,23.0
F,45-49,shuttle_run,10,8.0
F,45-49,shuttle_run,25,10.0
F,45-49,shuttle_run,50,14.0
F,45-49,shuttle_run,75,19.0
F,45-49,shuttle_run,90,25.0
F,45-49,standing_jump,10,115.0
F,45-49,standing_jump,25,128.0
F,45-49,standing_jump,50,143.0
F,45-49,standing_jump,75,157.0
F,45-49,standing_jump,90,168.0
F,50-54,grip,10,34.9
F,50-54,grip,25,40.0
F,50-54,grip,50,45.5
F,50-54,grip,75,51.1
F,50-54,grip,90,55.9
F,50-54,sit_up,10,3.0
F,50-54,sit_up,25,11.0
F,50-54,sit_up,50,19.0
F,50-54,sit_up,75,27.0
F,50-54,sit_up,90,33.0
F,50-54,sit_reach,10,5.2
F,50-54,sit_reach,25,11.1
F,50-54,sit_reach,50,15.9
F,50-54,sit_reach,75,20.2
F,50-54,sit_reach,90,23.6
F,50-54,shuttle_run,10,8.0
F,50-54,shuttle_run,25,10.0
F,50-54,shuttle_run,50,14.0
F,50-54,shuttle_run,75,17.0
F,50-54,shuttle_run,90,23.0
F,50-54,standing_jump,10,112.0
F,50-54,standing_jump,25,124.0
F,50-54,standing_jump,50,137.0
F,50-54,standing_jump,75,150.0
F,50-54,standing_jump,90,162.0
F,55-59,grip,10,34.7
F,55-59,grip,25,39.5
F,55-59,grip,50,44.8
F,55-59,grip,75,49.8
F,55-59,grip,90,54.3
F,55-59,sit_up,10,0.0
F,55-59,sit_up,25,7.0
F,55-59,sit_up,50,15.0
F,55-59,sit_up,75,23.0
F,55-59,sit_up,90,30.0
F,55-59,sit_reach,10,5.6
F,55-59,sit_reach,25,11.4
F,55-59,sit_reach,50,16.7
F,55-59,sit_reach,75,20.8
F,55-59,sit_reach,90,23.5
F,55-59,shuttle_run,10,7.0
F,55-59,shuttle_run,25,8.0
F,55-59,shuttle_run,50,11.0
F,55-59,shuttle_run,75,16.0
F,55-59,shuttle_run,90,20.0
F,55-59,standing_jump,10,102.0
F,55-59,standing_jump,25,115.0
F,55-59,standing_jump,50,130.0
F,55-59,standing_jump,75,144.0
F,55-59,standing_jump,90,154.0
F,60-64,grip,10,34.5
F,60-64,grip,25,39.2
F,60-64,grip,50,44.2
F,60-64,grip,75,49.4
F,60-64,grip,90,54.3
F,60-64,sit_up,10,0.0
F,60-64,sit_up,25,5.0
F,60-64,sit_up,50,13.0
F,60-64,sit_up,75,20.0
F,60-64,sit_up,90,28.0
F,60-64,sit_reach,10,6.1
F,60-64,sit_reach,25,11.8
F,60-64,sit_reach,50,16.8
F,60-64,sit_reach,75,20.7
F,60-64,sit_reach,90,23.7
F,60-64,shuttle_run,10,5.0
F,60-64,shuttle_run,25,8.0
F,60-64,shuttle_run,50,10.0
F,60-64,shuttle_run,75,13.0
F,60-64,shuttle_run,90,16.0
F,60-64,standing_jump,10,89.0
F,60-64,standing_jump,25,106.0
F,60-64,standing_jump,50,120.0
F,60-64,standing_jump,75,134.5
F,60-64,standing_jump,90,146.0
