sido,sigungu,dong,lat,lng,facility_count
강원특별자치도,강릉시,,37.751403,128.886967,352
강원특별자치도,강릉시,교동,37.769712,128.892756,32
강원특별자치도,강릉시,포남동,37.770005,128.910424,25
강원특별자치도,강릉시,노암동,37.74426,128.905174,18
강원특별자치도,강릉시,내곡동,37.744092,128.886589,9
강원특별자치도,강릉시,송정동,37.775782,128.930964,7
강원특별자치도,강릉시,입암동,37.752475,128.907922,7
강원특별자치도,강릉시,초당동,37.785586,128.917396,5
강원특별자치도,강릉시,홍제동,37.746435,128.874488,4
강원특별자치도,강릉시,견소동,37.775373,128.935419,2
강원특별자치도,강릉시,남항진동,37.764005,128.953624,2
강원특별자치도,강릉시,대전동,37.796361,128.861294,2
강원특별자치도,강릉시,운산동,37.728473,128.931519,2
강원특별자치도,강릉시,운정동,37.786169,128.887376,2
강원특별자치도,강릉시,월호평동,37.738603,128.93624,2
강원특별자치도,강릉시,유산동,37.738409,128.908196,2
강원특별자치도,강릉시,강문동,37.794188,128.919364,1
강원특별자치도,강릉시,남문동,37.748753,128.890414,1
강원특별자치도,강릉시,박월동,37.727522,128.907777,1
강원특별자치도,강릉시,병산동,37.762066,128.934883,1
강원특별자치도,강릉시,안현동,37.803936,128.901181,1
강원특별자치도,강릉시,옥천동,37.755354,128.901754,1
강원특별자치도,강릉시,유천동,37.763569,128.869556,1
강원특별자치도,강릉시,저동,37.801979,128.899779,1
강원특별자치도,고성군,,38.3763,128.463828,53
강원특별자치도,동해시,,37.517294,129.107355,101
강원특별자치도,동해시,천곡동,37.516053,129.102238,20
강원특별자치도,동해시,발한동,37.545803,129.105609,9
강원특별자치도,동해시,구미동,37.488471,129.139687,6
강원특별자치도,동해시,부곡동,37.539166,129.104119,6
강원특별자치도,동해시,묵호진동,37.552772,129.116334,3
강원특별자치도,동해시,삼화동,37.479927,129.061343,3
강원특별자치도,동해시,구호동,37.478144,129.144766,2
강원특별자치도,동해시,나안동,37.483555,129.116112,2
강원특별자치도,동해시,단봉동,37.470337,129.119188,2
강원특별자치도,동해시,대구동,37.474594,129.126834,2
강원특별자치도,동해시,쇄운동,37.48799,129.095852,2
강원특별자치도,동해시,신흥동,37.517843,129.019251,2
강원특별자치도,동해시,지가동,37.470208,129.106046,2
강원특별자치도,동해시,지흥동,37.500369,129.099847,2
강원특별자치도,동해시,귀운동,37.476508,129.096371,1
강원특별자치도,동해시,북평동,37.482573,129.118798,1
강원특별자치도,동해시,심곡동,37.5785,129.08481,1
강원특별자치도,동해시,어달동,37.561104,129.120027,1
강원특별자치도,동해시,이로동,37.487392,129.066526,1
강원특별자치도,동해시,초구동,37.572559,129.088281,1
강원특별자치도,동해시,추암동,37.476946,129.156859,1
강원특별자치도,동해시,평릉동,37.535318,129.11171,1
강원특별자치도,동해시,호현동,37.466745,129.129403,1
강원특별자치도,삼척시,,37.363208,129.165615,50
강원특별자치도,삼척시,교동,37.459375,129.17394,7
강원특별자치도,삼척시,사직동,37.434655,129.169557,5
강원특별자치도,삼척시,원당동,37.43742,129.152268,2
강원특별자치도,삼척시,오분동,37.428971,129.186726,1
강원특별자치도,삼척시,적노동,37.412124,129.168234,1
강원특별자치도,삼척시,정상동,37.439559,129.175281,1
강원특별자치도,삼척시,정하동,37.440033,129.192123,1
강원특별자치도,삼척시,증산동,37.47489,129.159073,1
강원특별자치도,속초시,,38.202853,128.581899,48
강원특별자치도,속초시,노학동,38.191961,128.541,12
강원특별자치도,속초시,교동,38.199261,128.575773,6
강원특별자치도,속초시,조양동,38.186753,128.590656,4
강원특별자치도,속초시,중앙동,38.209141,128.585951,4
강원특별자치도,속초시,동명동,38.211704,128.59061,3
강원특별자치도,속초시,대포동,38.179459,128.607859,2
강원특별자치도,속초시,도문동,37.33142,127.916167,2
강원특별자치도,속초시,장사동,38.218101,128.578169,2
강원특별자치도,속초시,청호동,38.20223,128.594246,2
강원특별자치도,속초시,영랑동,38.214107,128.597736,1
강원특별자치도,양구군,,38.111578,127.98779,48
강원특별자치도,양양군,,38.074412,128.618236,62
강원특별자치도,영월군,,37.17995,128.46015,136
강원특별자치도,원주시,,37.337408,127.94221,278
강원특별자치도,원주시,명륜동,37.337183,127.943157,6
강원특별자치도,원주시,무실동,37.333243,127.932,3
강원특별자치도,원주시,반곡동,37.329878,127.998485,3
강원특별자치도,원주시,태장동,37.369884,127.959165,2
강원특별자치도,원주시,우산동,37.38781,127.939953,1
강원특별자치도,인제군,,38.058421,128.206471,67
강원특별자치도,정선군,,37.348942,128.719583,220
강원특별자치도,철원군,,38.201568,127.303209,39
강원특별자치도,춘천시,,37.86937,127.738307,276
강원특별자치도,춘천시,후평동,37.883027,127.750832,17
강원특별자치도,춘천시,퇴계동,37.853943,127.731991,16
강원특별자치도,춘천시,근화동,37.880831,127.712257,13
강원특별자치도,춘천시,송암동,37.854381,127.690951,13
강원특별자치도,춘천시,효자동,37.872561,127.731822,11
강원특별자치도,춘천시,석사동,37.86263,127.755491,10
강원특별자치도,춘천시,사농동,37.905882,127.727903,6
강원특별자치도,춘천시,우두동,37.903007,127.739014,6
강원특별자치도,춘천시,온의동,37.862253,127.718614,4
강원특별자치도,춘천시,삼천동,37.870345,127.709441,3
강원특별자치도,춘천시,교동,37.881572,127.735681,2
강원특별자치도,춘천시,소양로1가,37.889803,127.727756,2
강원특별자치도,춘천시,약사동,37.876294,127.728358,1
강원특별자치도,춘천시,옥천동,37.88624,127.733591,1
강원특별자치도,춘천시,요선동,37.882389,127.726255,1
강원특별자치도,춘천시,운교동,37.875598,127.733424,1
강원특별자치도,춘천시,중도동,37.900961,127.716791,1
강원특별자치도,춘천시,칠전동,37.839305,127.708461,1
강원특별자치도,태백시,황지동,37.170084,128.985292,30
강원특별자치도,태백시,문곡동,37.134571,129.003844,18
강원특별자치도,태백시,장성동,37.100933,129.01577,17
강원특별자치도,태백시,화전동,37.193512,128.962076,10
강원특별자치도,태백시,,37.168149,128.988269,9
강원특별자치도,태백시,소도동,37.13719,128.958911,9
강원특별자치도,태백시,철암동,37.113834,129.037713,7
강원특별자치도,태백시,통동,37.168861,129.037168,7
강원특별자치도,태백시,동점동,37.093452,129.048838,4
강원특별자치도,태백시,백산동,37.141896,129.032947,3
강원특별자치도,평창군,,37.590058,128.446082,84
강원특별자치도,홍천군,,37.706647,127.907256,139
강원특별자치도,화천군,,38.083542,127.692528,53
강원특별자치도,횡성군,,37.49809,128.06961,119
경기도,가평군,,37.823549,127.503033,79
경기도,고양시,,37.665321,126.792344,66
경기도,고양시,행신동,37.61815,126.847824,5
경기도,고양시,주교동,37.660975,126.83291,3
경기도,고양시,화정동,37.632405,126.834891,3
경기도,고양시,성사동,37.662009,126.843739,2
경기도,고양시,장항동,37.64544,126.763666,2
경기도,고양시,토당동,37.615552,126.823044,2
경기도,고양시,관산동,37.689222,126.867694,1
경기도,고양시,대화동,37.670466,126.730777,1
경기도,고양시,동산동,37.640765,126.878435,1
경기도,고양시,문봉동,37.703416,126.832293,1
경기도,고양시,성석동,37.708016,126.787309,1
경기도,고양시,풍동,37.669889,126.801873,1
경기도,고양시 덕양구,성사동,37.649134,126.839545,10
경기도,고양시 덕양구,토당동,37.624941,126.82672,4
경기도,고양시 덕양구,동산동,37.641419,126.879209,3
경기도,고양시 덕양구,주교동,37.660148,126.83196,3
경기도,고양시 덕양구,행신동,37.625182,126.841994,3
경기도,고양시 덕양구,현천동,36.497877,127.265434,3
경기도,고양시 덕양구,화정동,37.63814,126.837104,3
경기도,고양시 덕양구,삼송동,37.646024,126.886314,2
경기도,고양시 덕양구,선유동,37.674415,126.909723,2
경기도,고양시 덕양구,지축동,37.658904,126.945706,2
경기도,고양시 덕양구,행주내동,37.605508,126.821519,2
경기도,고양시 덕양구,,37.614755,126.824623,1
경기도,고양시 덕양구,내곡동,37.641112,126.803628,1
경기도,고양시 덕양구,대자동,37.691762,126.889661,1
경기도,고양시 덕양구,덕은동,37.579969,126.858043,1
경기도,고양시 덕양구,벽제동,37.715542,126.899867,1
경기도,고양시 덕양구,신원동,37.675987,126.876485,1
경기도,고양시 덕양구,오금동,37.664518,126.895846,1
경기도,고양시 덕양구,향동동,37.596625,126.88872,1
경기도,고양시 일산동구,백석동,37.643622,126.795129,13
경기도,고양시 일산동구,중산동,37.691502,126.782208,9
경기도,고양시 일산동구,마두동,37.655402,126.779082,8
경기도,고양시 일산동구,성석동,37.704147,126.799145,8
경기도,고양시 일산동구,장항동,37.649741,126.768449,8
경기도,고양시 일산동구,정발산동,37.671429,126.777815,5
경기도,고양시 일산동구,설문동,37.721971,126.815246,3
경기도,고양시 일산동구,지영동,37.722178,126.83418,3
경기도,고양시 일산동구,풍동,37.67073,126.797123,3
경기도,고양시 일산동구,문봉동,37.700136,126.826647,2
경기도,고양시 일산동구,사리현동,37.700737,126.842323,2
경기도,고양시 일산동구,식사동,37.679837,126.822466,2
경기도,고양시 일산서구,대화동,37.676422,126.743066,24
경기도,고양시 일산서구,구산동,37.687174,126.703377,6
경기도,고양시 일산서구,일산동,37.683385,126.76696,6
경기도,고양시 일산서구,탄현동,37.70082,126.769582,4
경기도,고양시 일산서구,가좌동,37.686197,126.721682,3
경기도,고양시 일산서구,덕이동,37.702215,126.755055,3
경기도,고양시 일산서구,법곳동,37.668275,126.720128,2
경기도,과천시,,37.438549,127.003675,22
경기도,과천시,문원동,37.426444,127.003661,5
경기도,과천시,관문동,37.441365,126.996348,4
경기도,과천시,중앙동,37.428191,126.989154,3
경기도,광명시,철산동,37.491417,126.868609,7
경기도,광명시,,37.454062,126.876734,6
경기도,광명시,소하동,37.442945,126.888963,5
경기도,광명시,하안동,37.46252,126.871165,5
경기도,광명시,광명동,37.477871,126.849908,3
경기도,광명시,노온사동,37.449196,126.856338,2
경기도,광명시,가학동,37.417308,126.851469,1
경기도,광주시,,37.3734,127.266321,51
경기도,광주시,경안동,37.414946,127.252531,12
경기도,광주시,양벌동,37.37126,127.244375,7
경기도,광주시,능평동,37.348942,127.169386,5
경기도,광주시,신현동,37.374055,127.177686,5
경기도,광주시,문형동,37.343717,127.210599,4
경기도,광주시,중대동,37.396297,127.229651,4
경기도,광주시,송정동,37.426902,127.254824,3
경기도,광주시,장지동,37.391958,127.246901,3
경기도,광주시,태전동,37.381369,127.233093,3
경기도,광주시,매산동,37.352878,127.255293,1
경기도,광주시,목동,37.384487,127.202041,1
경기도,광주시,목현동,37.432884,127.210887,1
경기도,광주시,삼동,37.414402,127.196616,1
경기도,광주시,쌍령동,37.409872,127.262065,1
경기도,광주시,추자동,37.366132,127.228619,1
경기도,광주시,회덕동,37.42611,127.243622,1
경기도,구리시,,37.594873,127.136461,36
경기도,구리시,인창동,37.606232,127.143602,4
경기도,구리시,교문동,37.596163,127.135157,3
경기도,구리시,갈매동,37.629925,127.116834,2
경기도,구리시,수택동,37.59449,127.14619,2
경기도,구리시,사노동,37.635585,127.147146,1
경기도,구리시,토평동,37.588863,127.160054,1
경기도,군포시,,37.354325,126.926875,11
경기도,군포시,금정동,37.354367,126.936454,9
경기도,군포시,부곡동,37.338763,126.93648,5
경기도,군포시,도마교동,37.317226,126.924065,2
경기도,군포시,산본동,37.373521,126.92761,2
경기도,군포시,당동,37.345093,126.936353,1
경기도,군포시,대야미동,37.332951,126.916919,1
경기도,김포시,,37.64911,126.626143,41
경기도,김포시,마산동,37.6406,126.644905,7
경기도,김포시,사우동,37.617517,126.720076,5
경기도,김포시,걸포동,37.634517,126.709497,3
경기도,김포시,풍무동,37.6024,126.729384,3
경기도,김포시,운양동,37.656181,126.686586,2
경기도,김포시,구래동,37.649924,126.634148,1
경기도,김포시,북변동,37.624186,126.713366,1
경기도,김포시,장기동,37.647313,126.663848,1
경기도,남양주시,,37.648519,127.20343,150
경기도,남양주시,이패동,37.607439,127.17779,13
경기도,남양주시,평내동,37.653233,127.244434,12
경기도,남양주시,다산동,37.616997,127.160121,9
경기도,남양주시,별내동,37.654955,127.127066,6
경기도,남양주시,금곡동,37.632747,127.20417,4
경기도,남양주시,수석동,37.585731,127.166045,3
경기도,남양주시,호평동,37.658878,127.24228,2
경기도,남양주시,삼패동,37.590333,127.200394,1
경기도,남양주시,지금동,37.604412,127.171063,1
경기도,동두천시,생연동,37.903482,127.057737,31
경기도,동두천시,,37.910277,127.055149,25
경기도,동두천시,상패동,37.905912,127.044113,12
경기도,동두천시,탑동동,37.890108,127.092153,9
경기도,동두천시,상봉암동,37.945952,127.060008,8
경기도,동두천시,광암동,37.894775,127.084219,4
경기도,동두천시,보산동,37.918936,127.058859,4
경기도,동두천시,지행동,37.893941,127.054247,4
경기도,동두천시,동두천동,37.937613,127.057974,3
경기도,동두천시,송내동,37.884672,127.052344,1
경기도,동두천시,안흥동,37.928046,127.047107,1
경기도,동두천시,하봉암동,37.9577,127.070039,1
경기도,부천시,,37.496641,126.790519,176
경기도,부천시,중동,37.502988,126.769573,30
경기도,부천시,상동,37.491864,126.751175,23
경기도,부천시,소사본동,37.475194,126.794513,9
경기도,부천시,송내동,37.482027,126.768909,9
경기도,부천시,역곡동,37.48844,126.805469,8
경기도,부천시,오정동,37.529027,126.79632,8
경기도,부천시,춘의동,37.502567,126.799024,8
경기도,부천시,옥길동,37.462077,126.825544,6
경기도,부천시,고강동,37.52898,126.822778,5
경기도,부천시,심곡동,37.490872,126.779891,5
경기도,부천시,심곡본동,37.476446,126.778895,5
경기도,부천시,내동,37.521042,126.784912,4
경기도,부천시,도당동,37.518009,126.789997,4
경기도,부천시,원미동,37.495923,126.793644,4
경기도,부천시,원종동,37.521124,126.807638,4
경기도,부천시,삼정동,37.51902,126.76482,3
경기도,부천시,여월동,37.514495,126.800321,3
경기도,부천시,대장동,37.545221,126.769792,2
경기도,부천시,약대동,37.516848,126.763198,2
경기도,부천시,작동,37.512733,126.81949,2
경기도,부천시,괴안동,37.483141,126.814566,1
경기도,부천시,범박동,37.473155,126.8155,1
경기도,부천시,소사동,37.484904,126.796964,1
경기도,부천시 소사구,송내동,37.483946,126.767546,2
경기도,부천시 소사구,괴안동,37.476091,126.807044,1
경기도,부천시 소사구,범박동,37.469831,126.811521,1
경기도,부천시 소사구,소사본동,37.47406,126.794574,1
경기도,부천시 소사구,심곡본동,37.47556,126.781707,1
경기도,부천시 오정구,대장동,37.54712,126.775571,2
경기도,부천시 오정구,고강동,37.530327,126.813398,1
경기도,부천시 오정구,여월동,37.51434,126.804526,1
경기도,부천시 오정구,원종동,37.517055,126.809904,1
경기도,부천시 오정구,작동,36.497877,127.265434,1
경기도,부천시 원미구,춘의동,37.502194,126.798946,2
경기도,부천시 원미구,도당동,37.516129,126.790182,1
경기도,부천시 원미구,상동,37.509073,126.745634,1
경기도,부천시 원미구,약대동,37.515339,126.769666,1
경기도,성남시,,37.398268,127.119559,70
경기도,성남시,구미동,37.343899,127.119758,5
경기도,성남시,금광동,37.44502,127.172278,5
경기도,성남시,야탑동,37.408828,127.120288,5
경기도,성남시,정자동,37.356398,127.11557,5
경기도,성남시,판교동,37.395841,127.094017,5
경기도,성남시,산성동,37.452073,127.153839,3
경기도,성남시,수내동,37.377044,127.123765,3
경기도,성남시,신흥동,37.447573,127.151759,3
경기도,성남시,운중동,37.390765,127.071866,3
경기도,성남시,단대동,37.454461,127.157376,2
경기도,성남시,백현동,37.389451,127.106323,2
경기도,성남시,삼평동,37.396551,127.103719,2
경기도,성남시,은행동,37.453941,127.170738,2
경기도,성남시,태평동,37.452081,127.138336,2
경기도,성남시,도촌동,37.415726,127.153787,1
경기도,성남시,성남동,37.433003,127.139357,1
경기도,성남시,양지동,37.458004,127.158825,1
경기도,성남시,율동,37.383942,127.154468,1
경기도,성남시 분당구,정자동,37.357161,127.109736,8
경기도,성남시 분당구,수내동,37.382546,127.116736,5
경기도,성남시 분당구,야탑동,37.408224,127.136389,5
경기도,성남시 분당구,서현동,37.380869,127.128664,3
경기도,성남시 분당구,판교동,37.3919,127.098423,3
경기도,성남시 분당구,삼평동,37.397873,127.10272,2
경기도,성남시 분당구,이매동,37.395798,127.125839,2
경기도,성남시 분당구,구미동,36.497877,127.265434,1
경기도,성남시 분당구,운중동,37.391217,127.084107,1
경기도,성남시 수정구,태평동,37.450501,127.138894,7
경기도,성남시 수정구,신흥동,37.446407,127.151766,3
경기도,성남시 수정구,단대동,37.455126,127.156427,2
경기도,성남시 수정구,산성동,37.451862,127.152926,2
경기도,성남시 수정구,수진동,37.438907,127.123511,1
경기도,성남시 수정구,양지동,37.462461,127.161511,1
경기도,성남시 중원구,하대원동,37.433036,127.148503,13
경기도,성남시 중원구,금광동,37.445848,127.170448,7
경기도,성남시 중원구,성남동,36.497877,127.265434,7
경기도,성남시 중원구,상대원동,37.438909,127.168461,6
경기도,성남시 중원구,도촌동,37.417625,127.154591,5
경기도,성남시 중원구,은행동,37.454155,127.170557,5
경기도,성남시 중원구,여수동,37.420377,127.129369,4
경기도,수원시,,37.277042,127.010372,37
경기도,수원시,이의동,37.285807,127.048712,4
경기도,수원시,화서동,37.284082,126.99763,4
경기도,수원시,서둔동,37.282125,126.981739,2
경기도,수원시,영통동,37.265699,127.081307,2
경기도,수원시,고색동,37.254774,126.970025,1
경기도,수원시,구운동,37.27871,126.976041,1
경기도,수원시,남수동,37.281556,127.020865,1
경기도,수원시,당수동,37.292875,126.943405,1
경기도,수원시,망포동,37.238908,127.04766,1
경기도,수원시,매탄동,37.268222,127.045413,1
경기도,수원시,북수동,37.283997,127.017336,1
경기도,수원시,세류동,37.26112,127.011943,1
경기도,수원시,율전동,37.287322,126.970424,1
경기도,수원시,인계동,37.269752,127.025214,1
경기도,수원시,조원동,37.303586,127.016007,1
경기도,수원시 권선구,고색동,37.24754,126.972927,15
경기도,수원시 권선구,권선동,37.251381,127.026555,11
경기도,수원시 권선구,,37.257434,127.009751,7
경기도,수원시 권선구,구운동,37.279119,126.972647,4
경기도,수원시 권선구,금곡동,37.27629,126.948311,4
경기도,수원시 권선구,서둔동,37.28081,126.979983,4
경기도,수원시 권선구,탑동,37.273118,126.97207,3
경기도,수원시 권선구,세류동,37.250128,127.011375,2
경기도,수원시 권선구,호매실동,37.262621,126.961343,2
경기도,수원시 권선구,곡반정동,37.24063,127.02921,1
경기도,수원시 권선구,당수동,37.292902,126.943362,1
경기도,수원시 권선구,오목천동,37.232146,126.97217,1
경기도,수원시 영통구,영통동,37.250788,127.071722,14
경기도,수원시 영통구,이의동,37.285774,127.048534,8
경기도,수원시 영통구,매탄동,37.267825,127.045818,6
경기도,수원시 영통구,하동,37.282176,127.070198,4
경기도,수원시 영통구,망포동,37.238705,127.046325,3
경기도,수원시 영통구,,37.251263,127.062682,2
경기도,수원시 영통구,신동,37.247408,127.040466,1
경기도,수원시 영통구,원천동,37.262087,127.065879,1
경기도,수원시 장안구,,37.297601,126.997383,10
경기도,수원시 장안구,정자동,37.296597,126.988306,8
경기도,수원시 장안구,송죽동,37.303684,126.997631,4
경기도,수원시 장안구,하광교동,37.297602,127.024596,4
경기도,수원시 장안구,조원동,37.29861,127.010401,3
경기도,수원시 장안구,천천동,37.30073,126.981905,3
경기도,수원시 장안구,파장동,37.309055,126.999862,2
경기도,수원시 장안구,영화동,37.291325,127.009924,1
경기도,수원시 팔달구,,37.281356,127.024925,21
경기도,수원시 팔달구,인계동,37.273631,127.035011,6
경기도,수원시 팔달구,화서동,37.284207,126.986761,6
경기도,수원시 팔달구,우만동,37.287167,127.027868,3
경기도,수원시 팔달구,신풍동,37.28428,127.014854,1
경기도,시흥시,,37.381247,126.779266,47
경기도,시흥시,정왕동,37.348017,126.725699,33
경기도,시흥시,월곶동,37.395927,126.750981,9
경기도,시흥시,조남동,37.375075,126.854228,8
경기도,시흥시,거모동,37.341324,126.786508,5
경기도,시흥시,능곡동,37.36642,126.815946,5
경기도,시흥시,대야동,37.446879,126.790871,4
경기도,시흥시,포동,37.403879,126.78458,3
경기도,시흥시,하중동,37.391506,126.805344,3
경기도,시흥시,계수동,37.441539,126.812544,2
경기도,시흥시,금이동,37.405065,126.837532,2
경기도,시흥시,장현동,37.380072,126.801972,2
경기도,시흥시,과림동,37.45492,126.830449,1
경기도,시흥시,매화동,37.41596,126.822778,1
경기도,시흥시,방산동,37.422285,126.768197,1
경기도,시흥시,신천동,37.435073,126.774615,1
경기도,시흥시,장곡동,37.377579,126.782973,1
경기도,안산시,,37.320321,126.829125,34
경기도,안산시,부곡동,37.314663,126.857794,3
경기도,안산시,초지동,37.323359,126.814776,2
경기도,안산시,고잔동,37.326122,126.827464,1
경기도,안산시,목내동,37.320239,126.774239,1
경기도,안산시,사동,37.276877,126.848051,1
경기도,안산시,성곡동,37.300749,126.757818,1
경기도,안산시,원곡동,37.318122,126.802616,1
경기도,안산시,원시동,37.311605,126.801147,1
경기도,안산시 단원구,,37.326297,126.81406,24
경기도,안산시 단원구,초지동,37.319478,126.816492,9
경기도,안산시 단원구,고잔동,37.317682,126.826379,6
경기도,안산시 단원구,대부동동,37.254882,126.602173,3
경기도,안산시 단원구,선부동,37.340935,126.804925,2
경기도,안산시 단원구,성곡동,37.306829,126.757053,2
경기도,안산시 단원구,신길동,37.334531,126.766587,2
경기도,안산시 단원구,원곡동,37.336917,126.793104,2
경기도,안산시 단원구,원시동,37.304173,126.787875,1
경기도,안산시 상록구,,37.308563,126.856209,32
경기도,안산시 상록구,사동,37.285311,126.846929,7
경기도,안산시 상록구,본오동,37.291462,126.874161,6
경기도,안산시 상록구,부곡동,37.334107,126.855393,3
경기도,안산시 상록구,성포동,37.322717,126.846165,2
경기도,안산시 상록구,건건동,37.308609,126.906565,1
경기도,안산시 상록구,이동,37.311171,126.865027,1
경기도,안산시 상록구,일동,37.30964,126.866811,1
경기도,안성시,,37.013932,127.258545,76
경기도,안성시,금산동,37.011284,127.266865,4
경기도,안성시,낙원동,37.004859,127.273866,2
경기도,안성시,신건지동,37.016067,127.247878,2
경기도,안성시,당왕동,37.016886,127.277356,1
경기도,안성시,봉남동,37.006864,127.276478,1
경기도,안성시,성남동,37.002016,127.271758,1
경기도,안성시,옥산동,37.005384,127.253173,1
경기도,안성시,옥천동,37.755965,128.904683,1
경기도,안성시,중리동,36.982491,127.266971,1
경기도,안양시,,37.407446,126.909343,20
경기도,안양시,호계동,37.367698,126.960287,3
경기도,안양시,석수동,37.412345,126.905368,2
경기도,안양시,안양동,37.390485,126.898741,2
경기도,안양시,관양동,37.414202,126.970099,1
경기도,안양시,비산동,37.406028,126.944802,1
경기도,안양시 동안구,비산동,37.405146,126.947673,24
경기도,안양시 동안구,호계동,37.378455,126.959677,15
경기도,안양시 동안구,관양동,37.394515,126.964391,13
경기도,안양시 동안구,평촌동,37.390137,126.961329,5
경기도,안양시 만안구,안양동,37.382727,126.913618,11
경기도,안양시 만안구,박달동,37.415509,126.890702,10
경기도,안양시 만안구,석수동,37.422219,126.902745,8
경기도,양주시,,37.817017,127.002116,211
경기도,양주시,덕계동,37.821018,127.049314,17
경기도,양주시,덕정동,37.838139,127.067403,16
경기도,양주시,고암동,37.835218,127.072527,15
경기도,양주시,광사동,37.790978,127.082109,14
경기도,양주시,옥정동,37.823286,127.093942,14
경기도,양주시,삼숭동,37.803171,127.103695,8
경기도,양주시,남방동,37.773663,127.036239,5
경기도,양주시,마전동,37.778609,127.053556,5
경기도,양주시,회암동,37.846414,127.09809,4
경기도,양주시,회정동,37.832927,127.04707,4
경기도,양주시,고읍동,37.799877,127.078866,3
경기도,양주시,봉양동,37.86145,127.062824,3
경기도,양주시,산북동,37.799341,127.042641,3
경기도,양주시,율정동,37.836313,127.096372,2
경기도,양주시,만송동,37.802533,127.08479,1
경기도,양주시,유양동,37.78164,127.024729,1
경기도,양평군,,37.492831,127.49767,104
경기도,여주시,,37.306562,127.584128,58
경기도,여주시,오학동,37.313804,127.658,3
경기도,여주시,월송동,37.293268,127.624465,3
경기도,여주시,능현동,37.268017,127.657572,2
경기도,여주시,천송동,37.300209,127.651,2
경기도,여주시,상동,37.293737,127.64126,1
경기도,여주시,현암동,37.311693,127.626068,1
경기도,여주시,홍문동,37.306121,127.634262,1
경기도,연천군,,38.055123,127.072318,73
경기도,오산시,,37.157745,127.057079,81
경기도,오산시,오산동,37.157364,127.074856,13
경기도,오산시,궐동,37.163507,127.049561,7
경기도,오산시,금암동,37.178528,127.043768,5
경기도,오산시,가장동,37.164781,127.041184,1
경기도,오산시,갈곶동,37.128675,127.071269,1
경기도,오산시,양산동,37.19453,127.031783,1
경기도,오산시,원동,37.135529,127.069759,1
경기도,오산시,은계동,37.160885,127.073174,1
경기도,오산시,청학동,37.151526,127.051457,1
경기도,오산시,청호동,37.132173,127.082079,1
경기도,용인시,,37.271792,127.164695,101
경기도,용인시,김량장동,37.233011,127.201771,6
경기도,용인시,풍덕천동,37.329154,127.09752,5
경기도,용인시,역북동,37.237954,127.190256,4
경기도,용인시,공세동,37.238104,127.107432,3
경기도,용인시,보정동,37.322186,127.10715,3
경기도,용인시,신봉동,37.335732,127.058704,3
경기도,용인시,고림동,37.236295,127.218551,2
경기도,용인시,상현동,37.295335,127.076881,2
경기도,용인시,영덕동,37.272078,127.067397,2
경기도,용인시,유방동,37.254474,127.20956,2
경기도,용인시,하갈동,37.253035,127.09661,2
경기도,용인시,고매동,37.219953,127.133136,1
경기도,용인시,남동,37.222622,127.22284,1
경기도,용인시,동백동,37.279234,127.164695,1
경기도,용인시,동천동,37.334762,127.096128,1
경기도,용인시,삼가동,37.244465,127.166488,1
경기도,용인시,성복동,37.318742,127.053459,1
경기도,용인시,운학동,37.224598,127.222424,1
경기도,용인시,중동,37.27346,127.151382,1
경기도,용인시 기흥구,,37.266889,127.113959,30
경기도,용인시 기흥구,구갈동,37.266824,127.131243,6
경기도,용인시 기흥구,언남동,37.290801,127.135799,6
경기도,용인시 기흥구,청덕동,37.292856,127.149745,6
경기도,용인시 기흥구,보정동,37.320597,127.114479,4
경기도,용인시 기흥구,신갈동,37.282457,127.105941,2
경기도,용인시 기흥구,중동,37.273022,127.151505,2
경기도,용인시 기흥구,하갈동,37.253878,127.096569,2
경기도,용인시 기흥구,공세동,37.240814,127.100399,1
경기도,용인시 기흥구,보라동,37.252514,127.111952,1
경기도,용인시 기흥구,서천동,37.233719,127.074132,1
경기도,용인시 기흥구,영덕동,37.277374,127.074652,1
경기도,용인시 수지구,죽전동,37.325649,127.104763,15
경기도,용인시 수지구,풍덕천동,37.325965,127.094362,12
경기도,용인시 수지구,신봉동,37.328934,127.067141,6
경기도,용인시 수지구,성복동,37.318726,127.053695,5
경기도,용인시 수지구,상현동,37.300155,127.082984,3
경기도,용인시 수지구,,37.328296,127.098107,1
경기도,용인시 수지구,고기동,37.355648,127.071759,1
경기도,용인시 수지구,동천동,37.334348,127.096263,1
경기도,용인시 처인구,,37.231706,127.245795,23
경기도,용인시 처인구,역북동,37.238928,127.191731,5
경기도,용인시 처인구,김량장동,37.233698,127.19757,4
경기도,용인시 처인구,마평동,37.238542,127.213036,4
경기도,용인시 처인구,삼가동,37.24963,127.165158,4
경기도,용인시 처인구,유방동,37.259542,127.216201,1
경기도,의왕시,내손동,37.382385,126.983189,10
경기도,의왕시,월암동,37.314634,126.958756,5
경기도,의왕시,포일동,37.396108,126.983053,5
경기도,의왕시,삼동,37.319499,126.957237,4
경기도,의왕시,왕곡동,37.347899,126.982358,4
경기도,의왕시,,37.36578,127.003294,3
경기도,의왕시,오전동,37.355056,126.975459,3
경기도,의왕시,학의동,37.370038,127.00758,3
경기도,의왕시,이동,37.335463,126.964326,2
경기도,의왕시,청계동,37.386804,126.999087,2
경기도,의왕시,고천동,37.341795,126.971938,1
경기도,의정부시,,37.744927,127.08564,89
경기도,의정부시,민락동,37.747772,127.107554,13
경기도,의정부시,녹양동,37.758796,127.029144,9
경기도,의정부시,신곡동,37.746303,127.067434,8
경기도,의정부시,장암동,37.713433,127.052101,7
경기도,의정부시,금오동,37.754715,127.065972,6
경기도,의정부시,호원동,37.710813,127.039157,6
경기도,의정부시,의정부동,37.739312,127.035511,5
경기도,의정부시,가능동,37.743111,127.0227,4
경기도,의정부시,낙양동,37.747222,127.092696,3
경기도,의정부시,용현동,37.734553,127.08334,3
경기도,의정부시,고산동,37.718921,127.100891,1
경기도,이천시,,37.267636,127.471586,108
경기도,이천시,관고동,37.279457,127.427555,7
경기도,이천시,창전동,37.283548,127.440718,3
경기도,이천시,증포동,37.294265,127.44903,2
경기도,이천시,대포동,37.212126,127.454662,1
경기도,이천시,안흥동,37.272668,127.464589,1
경기도,이천시,중리동,37.276939,127.440894,1
경기도,이천시,진리동,37.268241,127.460139,1
경기도,파주시,,37.829233,126.790459,65
경기도,파주시,금릉동,37.756141,126.785768,13
경기도,파주시,와동동,37.738474,126.767714,11
경기도,파주시,동패동,37.715482,126.742448,10
경기도,파주시,금촌동,37.76805,126.768284,3
경기도,파주시,다율동,37.73481,126.719974,3
경기도,파주시,목동동,37.720252,126.746296,3
경기도,파주시,하지석동,37.763289,126.742806,3
경기도,파주시,야당동,37.713553,126.752362,1
경기도,평택시,,37.000345,127.02081,66
경기도,평택시,이충동,37.066058,127.07071,17
경기도,평택시,합정동,36.988243,127.10793,10
경기도,평택시,비전동,36.998936,127.099963,5
경기도,평택시,신대동,36.994165,127.064648,2
경기도,평택시,군문동,36.986879,127.08796,1
경기도,평택시,모곡동,37.035404,127.075836,1
경기도,평택시,서정동,37.058827,127.061041,1
경기도,평택시,신장동,37.085893,127.051197,1
경기도,평택시,용이동,36.998137,127.148067,1
경기도,평택시,유천동,36.972623,127.106276,1
경기도,평택시,지산동,37.073848,127.06227,1
경기도,평택시,평택동,36.987135,127.082914,1
경기도,포천시,,37.901031,127.213833,77
경기도,포천시,설운동,37.85239,127.145486,2
경기도,포천시,선단동,37.862184,127.155065,1
경기도,하남시,,37.54261,127.191969,52
경기도,하남시,덕풍동,37.549134,127.202714,22
경기도,하남시,신장동,37.545532,127.219002,16
경기도,하남시,망월동,37.566507,127.193193,10
경기도,하남시,선동,37.578757,127.188561,9
경기도,하남시,창우동,37.537587,127.223706,7
경기도,하남시,감북동,37.519563,127.15473,4
경기도,하남시,풍산동,37.550063,127.19262,4
경기도,하남시,교산동,37.521947,127.208128,1
경기도,하남시,천현동,37.535786,127.214215,1
경기도,하남시,춘궁동,37.523388,127.191882,1
경기도,하남시,하산곡동,37.52428,127.223248,1
경기도,화성시,,37.189867,126.928009,189
경기도,화성시,반송동,37.204014,127.063603,10
경기도,화성시,새솔동,37.275978,126.822063,9
경기도,화성시,병점동,37.205672,127.045604,7
경기도,화성시,능동,37.206175,127.051526,6
경기도,화성시,반월동,37.23049,127.054261,6
경기도,화성시,산척동,37.168945,127.112102,6
경기도,화성시,장지동,37.159776,127.111289,6
경기도,화성시,송산동,37.214519,127.021131,5
경기도,화성시,진안동,37.21773,127.031907,5
경기도,화성시,석우동,37.213423,127.081392,4
경기도,화성시,영천동,37.205472,127.106524,4
경기도,화성시,방교동,37.176774,127.086433,3
경기도,화성시,송동,37.172038,127.101666,3
경기도,화성시,청계동,37.199802,127.112286,3
경기도,화성시,기안동,37.223841,126.980997,2
경기도,화성시,목동,37.180082,127.124459,2
경기도,화성시,기산동,37.22628,127.043796,1
경기도,화성시,배양동,37.220392,126.9894,1
경기도,화성시,오산동,37.185971,127.103543,1
경상남도,거제시,,34.87263,128.597047,36
경상남도,거제시,고현동,34.882833,128.617969,12
경상남도,거제시,능포동,34.882331,128.737977,3
경상남도,거제시,옥포동,34.900053,128.694453,3
경상남도,거제시,장승포동,34.867178,128.723588,3
경상남도,거제시,아주동,34.86349,128.689473,2
경상남도,거제시,장평동,34.888928,128.606438,2
경상남도,거제시,상동동,34.879212,128.633248,1
경상남도,거창군,,35.695136,127.929061,43
경상남도,고성군,,34.997117,128.298117,414
경상남도,김해시,,35.25143,128.84728,54
경상남도,김해시,삼계동,35.258323,128.880363,10
경상남도,김해시,부곡동,35.204445,128.796123,6
경상남도,김해시,내동,35.243734,128.869411,5
경상남도,김해시,외동,35.229309,128.850533,5
경상남도,김해시,삼문동,35.19721,128.804282,4
경상남도,김해시,구산동,35.255534,128.877094,3
경상남도,김해시,안동,35.240921,128.921285,3
경상남도,김해시,내덕동,35.204704,128.816532,2
경상남도,김해시,부원동,35.229339,128.888649,2
경상남도,김해시,삼방동,35.256355,128.907378,2
경상남도,김해시,관동동,35.178198,128.821338,1
경상남도,김해시,대청동,35.191582,128.797571,1
경상남도,김해시,봉황동,35.234775,128.873665,1
경상남도,김해시,불암동,35.219597,128.92614,1
경상남도,김해시,어방동,35.241749,128.906538,1
경상남도,김해시,율하동,35.172604,128.820944,1
경상남도,김해시,지내동,35.232692,128.91868,1
경상남도,김해시,풍유동,35.213005,128.849041,1
경상남도,남해군,,34.822564,127.903428,206
경상남도,밀양시,,35.484859,128.753518,477
경상남도,밀양시,교동,35.506045,128.747483,12
경상남도,밀양시,가곡동,35.478102,128.766389,10
경상남도,밀양시,삼문동,35.488075,128.755511,9
경상남도,밀양시,내일동,35.49487,128.754582,5
경상남도,밀양시,용평동,35.492971,128.765811,2
경상남도,밀양시,활성동,35.492144,128.784673,2
경상남도,사천시,,35.061452,128.077644,59
경상남도,사천시,벌리동,34.942061,128.087151,7
경상남도,사천시,송포동,34.968488,128.051856,4
경상남도,사천시,용강동,34.943189,128.087569,3
경상남도,사천시,동금동,34.929811,128.08338,2
경상남도,사천시,동동,34.933704,128.068832,2
경상남도,사천시,동림동,34.941727,128.076115,2
경상남도,사천시,죽림동,34.966015,128.069904,2
경상남도,사천시,궁지동,34.937675,128.117227,1
경상남도,사천시,서금동,34.924898,128.074366,1
경상남도,사천시,선구동,34.931052,128.073106,1
경상남도,사천시,좌룡동,34.955694,128.088553,1
경상남도,사천시,향촌동,34.932192,128.096923,1
경상남도,산청군,,35.384369,127.895104,345
경상남도,양산시,,35.32783,129.02285,107
경상남도,양산시,북부동,35.34856,129.035497,11
경상남도,양산시,남부동,35.331709,129.023698,9
경상남도,양산시,평산동,35.377626,129.14343,9
경상남도,양산시,어곡동,35.379752,129.016289,3
경상남도,양산시,교동,35.348934,129.026883,2
경상남도,양산시,삼호동,35.411616,129.182295,2
경상남도,양산시,소주동,35.418648,129.14363,2
경상남도,양산시,주진동,35.395828,129.155436,2
경상남도,양산시,덕계동,35.38575,129.156885,1
경상남도,양산시,북정동,36.497877,127.265434,1
경상남도,양산시,호계동,35.368808,129.07009,1
경상남도,의령군,,35.381824,128.26514,279
경상남도,진주시,,35.1685,128.129039,31
경상남도,진주시,상대동,35.183749,128.102989,8
경상남도,진주시,충무공동,35.182954,128.135851,8
경상남도,진주시,신안동,35.18757,128.065995,6
경상남도,진주시,이현동,35.1885,128.062322,2
경상남도,진주시,초전동,35.208883,128.125055,2
경상남도,진주시,상평동,35.175491,128.106299,1
경상남도,진주시,평거동,35.174436,128.068809,1
경상남도,진주시,하대동,35.18755,128.129049,1
경상남도,창녕군,,35.457797,128.501095,34
경상남도,창원시,,35.220519,128.631251,71
경상남도,창원시,양덕동,35.222071,128.57958,4
경상남도,창원시,태백동,35.169184,128.659636,3
경상남도,창원시,가포동,35.167753,128.560067,2
경상남도,창원시,소답동,35.264749,128.630624,2
경상남도,창원시,신월동,35.862908,127.973634,2
경상남도,창원시,합성동,35.24042,128.590362,2
경상남도,창원시,교방동,35.210361,128.562491,1
경상남도,창원시,덕동동,35.134003,128.56727,1
경상남도,창원시,도계동,35.258031,128.642113,1
경상남도,창원시,삼동동,35.229885,128.654765,1
경상남도,창원시,상남동,35.216676,128.692064,1
경상남도,창원시,서성동,35.201014,128.568509,1
경상남도,창원시,석전동,35.227666,128.568345,1
경상남도,창원시,신포동1가,35.199128,128.572279,1
경상남도,창원시,월영동,35.179973,128.582343,1
경상남도,창원시,이동,35.15035,128.691292,1
경상남도,창원시,중앙동,35.2325,128.666355,1
경상남도,창원시,청안동,35.106297,128.802171,1
경상남도,창원시,팔용동,35.251297,128.619019,1
경상남도,창원시,회원동,35.221257,128.558979,1
경상남도,창원시 마산합포구,,35.113784,128.483352,3
경상남도,창원시 마산합포구,신포동1가,35.194988,128.5721,2
경상남도,창원시 마산합포구,가포동,35.162722,128.577362,1
경상남도,창원시 마산합포구,교방동,35.210589,128.56245,1
경상남도,창원시 마산합포구,월영동,35.176539,128.56754,1
경상남도,창원시 마산합포구,추산동,35.2046,128.569115,1
경상남도,창원시 마산회원구,,35.242796,128.503704,8
경상남도,창원시 마산회원구,양덕동,35.221985,128.57958,5
경상남도,창원시 마산회원구,합성동,35.236196,128.573638,4
경상남도,창원시 성산구,사파정동,35.22379,128.707103,8
경상남도,창원시 성산구,남양동,35.206233,128.706043,6
경상남도,창원시 성산구,반지동,35.242644,128.659271,6
경상남도,창원시 성산구,사파동,35.220607,128.69856,6
경상남도,창원시 성산구,중앙동,35.234007,128.664735,6
경상남도,창원시 성산구,대방동,35.217224,128.71057,5
경상남도,창원시 성산구,신월동,35.229911,128.6918,5
경상남도,창원시 성산구,용호동,35.236418,128.680435,5
경상남도,창원시 성산구,상남동,35.222348,128.687981,1
경상남도,창원시 의창구,,35.346751,128.680561,19
경상남도,창원시 의창구,사림동,35.237803,128.69194,9
경상남도,창원시 의창구,동정동,35.266299,128.617128,5
경상남도,창원시 의창구,봉곡동,35.24578,128.656669,5
경상남도,창원시 의창구,도계동,35.257177,128.637526,4
경상남도,창원시 의창구,명서동,35.246238,128.638372,4
경상남도,창원시 의창구,팔용동,35.251297,128.619019,4
경상남도,창원시 의창구,소계동,35.261788,128.602016,2
경상남도,창원시 의창구,퇴촌동,35.251314,128.683992,2
경상남도,창원시 의창구,소답동,35.267656,128.630345,1
경상남도,창원시 진해구,도만동,35.148361,128.655454,3
경상남도,창원시 진해구,남양동,35.114621,128.781853,2
경상남도,창원시 진해구,석동,35.158473,128.701167,2
경상남도,창원시 진해구,이동,35.150982,128.691581,2
경상남도,창원시 진해구,중평동,35.14722,128.658688,2
경상남도,창원시 진해구,경화동,35.158939,128.685093,1
경상남도,창원시 진해구,덕산동,35.141299,128.6883,1
경상남도,창원시 진해구,마천동,35.12622,128.791702,1
경상남도,창원시 진해구,소사동,35.132199,128.780983,1
경상남도,창원시 진해구,여좌동,35.15763,128.664749,1
경상남도,창원시 진해구,장천동,35.122706,128.712102,1
경상남도,창원시 진해구,청안동,35.106766,128.802876,1
경상남도,창원시 진해구,현동,36.497877,127.265434,1
경상남도,통영시,,34.847841,128.410006,261
경상남도,통영시,인평동,34.840467,128.399483,5
경상남도,통영시,도천동,34.838827,128.415055,4
경상남도,통영시,동호동,34.841013,128.430487,4
경상남도,통영시,평림동,34.857109,128.396923,4
경상남도,통영시,무전동,34.864078,128.419748,3
경상남도,통영시,봉평동,34.824695,128.416956,3
경상남도,통영시,명정동,34.852398,128.415494,2
경상남도,통영시,북신동,34.854029,128.42771,2
경상남도,통영시,문화동,34.846869,128.421897,1
경상남도,통영시,태평동,34.848984,128.427828,1
경상남도,하동군,,35.063306,127.796535,50
경상남도,함안군,,35.285627,128.421054,85
경상남도,함양군,,35.520189,127.7163,57
경상남도,합천군,,35.559116,128.165732,143
경상북도,경산시,,35.830672,128.789416,469
경상북도,경산시,사동,35.814062,128.755268,18
경상북도,경산시,상방동,35.821117,128.743774,12
경상북도,경산시,옥산동,35.823457,128.724616,12
경상북도,경산시,삼북동,35.819067,128.74033,6
경상북도,경산시,백천동,35.801649,128.738635,5
경상북도,경산시,임당동,35.842671,128.752452,5
경상북도,경산시,사정동,35.8206,128.728042,4
경상북도,경산시,옥곡동,35.815784,128.728429,4
경상북도,경산시,중방동,35.826171,128.7362,4
경상북도,경산시,계양동,35.821503,128.74944,2
경상북도,경산시,중산동,35.830936,128.717419,2
경상북도,경산시,대평동,35.841364,128.727888,1
경상북도,경산시,신교동,35.813014,128.737718,1
경상북도,경산시,조영동,35.83801,128.758568,1
경상북도,경주시,,35.850239,129.223393,613
경상북도,경주시,충효동,35.845077,129.178622,14
경상북도,경주시,동천동,35.856766,129.22816,11
경상북도,경주시,서악동,35.823791,129.189773,10
경상북도,경주시,용강동,35.864452,129.225469,7
경상북도,경주시,황성동,35.873779,129.21709,6
경상북도,경주시,광명동,35.819471,129.148094,5
경상북도,경주시,손곡동,35.864796,129.281298,5
경상북도,경주시,천군동,35.824532,129.283358,5
경상북도,경주시,효현동,35.825913,129.168816,5
경상북도,경주시,시래동,35.772095,129.296499,4
경상북도,경주시,율동,35.80346,129.182597,4
경상북도,경주시,평동,35.778439,129.266942,4
경상북도,경주시,하동,35.803267,129.31112,4
경상북도,경주시,남산동,35.793512,129.244611,3
경상북도,경주시,배반동,35.817261,129.248382,3
경상북도,경주시,성동동,35.845913,129.216455,3
경상북도,경주시,암곡동,35.874882,129.320625,3
경상북도,경주시,진현동,35.784498,129.325836,3
경상북도,경주시,노서동,35.842024,129.206262,2
경상북도,경주시,도지동,35.795182,129.272339,2
경상북도,경주시,마동,35.78408,129.314305,2
경상북도,경주시,배동,35.800703,129.207353,2
경상북도,경주시,북군동,35.858345,129.259353,2
경상북도,경주시,사정동,35.835133,129.207574,2
경상북도,경주시,석장동,35.850015,129.19605,2
경상북도,경주시,성건동,35.853443,129.209111,2
경상북도,경주시,시동,35.752799,129.278567,2
경상북도,경주시,인왕동,35.833082,129.222852,2
경상북도,경주시,조양동,35.781441,129.280005,2
경상북도,경주시,황용동,35.819917,129.353697,2
경상북도,경주시,교동,35.824703,129.213761,1
경상북도,경주시,구황동,35.840781,129.230341,1
경상북도,경주시,덕동,35.834386,129.321678,1
경상북도,경주시,동방동,35.811683,129.260313,1
경상북도,경주시,보문동,35.842555,129.25085,1
경상북도,경주시,북부동,35.848025,129.210686,1
경상북도,경주시,탑동,35.819673,129.217968,1
경상북도,경주시,황오동,35.841361,129.217021,1
경상북도,고령군,,35.744114,128.291122,199
경상북도,구미시,,36.160276,128.331338,174
경상북도,구미시,봉곡동,36.152125,128.311875,20
경상북도,구미시,도량동,36.142938,128.324367,15
경상북도,구미시,상모동,36.086796,128.35396,15
경상북도,구미시,진평동,36.094675,128.426177,12
경상북도,구미시,송정동,36.116031,128.346055,11
경상북도,구미시,옥계동,36.14061,128.420466,11
경상북도,구미시,인의동,36.103603,128.428131,11
경상북도,구미시,형곡동,36.113611,128.335993,11
경상북도,구미시,구평동,36.091582,128.438951,9
경상북도,구미시,남통동,36.12914,128.318279,9
경상북도,구미시,사곡동,36.098197,128.356689,9
경상북도,구미시,공단동,36.098958,128.382866,7
경상북도,구미시,광평동,36.110988,128.354065,6
경상북도,구미시,원평동,36.124512,128.340694,6
경상북도,구미시,신평동,36.122928,128.362382,5
경상북도,구미시,오태동,36.070765,128.353983,5
경상북도,구미시,임은동,36.086054,128.35978,3
경상북도,구미시,황상동,36.116943,128.425586,3
경상북도,구미시,비산동,36.124076,128.377955,2
경상북도,구미시,지산동,36.139845,128.34997,2
경상북도,구미시,거의동,36.138501,128.411246,1
경상북도,구미시,구포동,36.134814,128.429587,1
경상북도,구미시,부곡동,36.150718,128.28905,1
경상북도,구미시,신동,36.097355,128.473796,1
경상북도,구미시,임수동,36.111904,128.40217,1
경상북도,군위군,,36.193904,128.592222,122
경상북도,김천시,,36.121759,128.114278,370
경상북도,김천시,삼락동,36.144924,128.088088,17
경상북도,김천시,부곡동,36.122429,128.09673,15
경상북도,김천시,지좌동,36.116657,128.133367,6
경상북도,김천시,황금동,36.115732,128.120163,5
경상북도,김천시,모암동,36.127573,128.121962,4
경상북도,김천시,대광동,36.136081,128.144724,3
경상북도,김천시,백옥동,36.12289,128.077648,3
경상북도,김천시,신음동,36.136931,128.12499,3
경상북도,김천시,양천동,36.098131,128.117561,3
경상북도,김천시,응명동,36.151003,128.128197,3
경상북도,김천시,평화동,36.12688,128.11329,3
경상북도,김천시,문당동,36.150969,128.088417,2
경상북도,김천시,성내동,36.124138,128.119773,2
경상북도,김천시,교동,36.129091,128.090277,1
경상북도,김천시,덕곡동,36.12539,128.150364,1
경상북도,김천시,율곡동,36.126058,128.184578,1
경상북도,문경시,,36.644719,128.19727,338
경상북도,문경시,모전동,36.593639,128.187406,20
경상북도,문경시,점촌동,36.597291,128.197184,16
경상북도,문경시,흥덕동,36.603327,128.207199,16
경상북도,문경시,공평동,36.609495,128.181041,4
경상북도,문경시,신기동,36.638873,128.171385,4
경상북도,문경시,불정동,36.642761,128.129996,3
경상북도,문경시,영신동,36.591184,128.20944,2
경상북도,문경시,유곡동,36.623847,128.158413,2
경상북도,문경시,우지동,36.618299,128.196917,1
경상북도,문경시,윤직동,36.585944,128.197679,1
경상북도,봉화군,,36.903122,128.822372,362
경상북도,상주시,,36.423071,128.105518,723
경상북도,상주시,계산동,36.432394,128.162836,13
경상북도,상주시,낙양동,36.411624,128.150456,9
경상북도,상주시,무양동,36.420154,128.15269,9
경상북도,상주시,복룡동,36.422492,128.184092,9
경상북도,상주시,신봉동,36.399352,128.155167,8
경상북도,상주시,개운동,36.396208,128.143013,6
경상북도,상주시,남성동,36.410938,128.159041,5
경상북도,상주시,외답동,36.417539,128.200361,5
경상북도,상주시,남장동,36.414795,128.117365,4
경상북도,상주시,서곡동,36.400158,128.181775,4
경상북도,상주시,연원동,36.433255,128.128775,4
경상북도,상주시,남적동,36.466021,128.158242,3
경상북도,상주시,냉림동,36.423665,128.15933,3
경상북도,상주시,도남동,36.441705,128.250574,3
경상북도,상주시,만산동,36.434397,128.151677,3
경상북도,상주시,성동동,36.414243,128.169362,3
경상북도,상주시,인평동,36.394949,128.174589,3
경상북도,상주시,가장동,36.375503,128.139917,2
경상북도,상주시,거동동,36.38166,128.178901,2
경상북도,상주시,서성동,36.419497,128.161352,2
경상북도,상주시,양촌동,36.357986,128.146247,2
경상북도,상주시,초산동,36.458721,128.174833,2
경상북도,상주시,헌신동,36.428663,128.205828,2
경상북도,상주시,낙상동,36.44982,128.199052,1
경상북도,상주시,병성동,36.433475,128.222344,1
경상북도,상주시,부원동,36.45032,128.15522,1
경상북도,상주시,서문동,36.418235,128.158103,1
경상북도,상주시,오대동,36.37793,128.16658,1
경상북도,상주시,죽전동,36.444264,128.162036,1
경상북도,상주시,중덕동,36.451834,128.186664,1
경상북도,상주시,지천동,36.365894,128.14836,1
경상북도,상주시,흥각동,36.381621,128.166176,1
경상북도,성주군,,35.915684,128.265456,173
경상북도,안동시,,36.571941,128.725259,554
경상북도,안동시,용상동,36.55528,128.755692,28
경상북도,안동시,태화동,36.565953,128.707514,12
경상북도,안동시,송현동,36.570835,128.698181,11
경상북도,안동시,안막동,36.57909,128.732733,11
경상북도,안동시,안기동,36.57786,128.717429,10
경상북도,안동시,옥동,36.562824,128.695007,8
경상북도,안동시,옥야동,36.558908,128.721441,8
경상북도,안동시,운안동,36.572469,128.711941,7
경상북도,안동시,이천동,36.603703,128.717296,5
경상북도,안동시,정하동,36.547544,128.724425,5
경상북도,안동시,금곡동,36.5684,128.720676,4
경상북도,안동시,송천동,36.542072,128.793528,4
경상북도,안동시,신안동,36.57608,128.735101,4
경상북도,안동시,정상동,36.551658,128.749268,4
경상북도,안동시,당북동,36.558828,128.718531,3
경상북도,안동시,법상동,36.56858,128.724124,3
경상북도,안동시,상아동,36.584324,128.749505,3
경상북도,안동시,법흥동,36.565536,128.743144,2
경상북도,안동시,수상동,36.544636,128.704113,2
경상북도,안동시,안흥동,36.56246,128.725872,2
경상북도,안동시,운흥동,36.560811,128.728394,2
경상북도,안동시,평화동,36.567994,128.715323,2
경상북도,안동시,남문동,36.564021,128.728282,1
경상북도,안동시,대석동,36.566047,128.724688,1
경상북도,안동시,동부동,36.566284,128.734261,1
경상북도,안동시,명륜동,36.568929,128.730009,1
경상북도,안동시,서부동,36.565812,128.727874,1
경상북도,안동시,석동동,36.563033,128.804072,1
경상북도,안동시,성곡동,36.565808,128.781932,1
경상북도,안동시,율세동,36.569328,128.737849,1
경상북도,안동시,천리동,36.562716,128.727869,1
경상북도,영덕군,,36.438066,129.379577,49
경상북도,영양군,,36.660526,129.116879,84
경상북도,영주시,,36.830975,128.606297,528
경상북도,영주시,가흥동,36.817442,128.610291,27
경상북도,영주시,휴천동,36.815118,128.628778,22
경상북도,영주시,하망동,36.827578,128.629751,14
경상북도,영주시,상망동,36.836651,128.640325,9
경상북도,영주시,영주동,36.828138,128.619557,9
경상북도,영주시,문정동,36.800351,128.614906,5
경상북도,영주시,조암동,36.800526,128.618465,5
경상북도,영주시,고현동,36.845917,128.611435,4
경상북도,영주시,아지동,36.862647,128.601418,3
경상북도,영주시,적서동,36.784903,128.626147,3
경상북도,영주시,조와동,36.861914,128.6218,3
경상북도,영주시,상줄동,36.83312,128.576702,1
경상북도,영주시,창진동,36.842347,128.599015,1
경상북도,영천시,,35.996135,128.931913,373
경상북도,영천시,야사동,35.973979,128.944833,11
경상북도,영천시,교촌동,35.970254,128.923817,6
경상북도,영천시,조교동,35.971926,128.96676,5
경상북도,영천시,망정동,35.982229,128.951707,4
경상북도,영천시,문외동,35.973382,128.937021,4
경상북도,영천시,채신동,35.908795,128.956446,4
경상북도,영천시,문내동,35.970699,128.932058,3
경상북도,영천시,금노동,35.960683,128.929711,2
경상북도,영천시,녹전동,36.004167,128.916821,2
경상북도,영천시,도동,35.938108,128.929142,2
경상북도,영천시,도림동,36.01375,128.931028,2
경상북도,영천시,매산동,36.020872,128.92075,2
경상북도,영천시,범어동,35.945309,128.96395,2
경상북도,영천시,오수동,35.957094,128.91725,2
경상북도,영천시,완산동,35.965029,128.938727,2
경상북도,영천시,작산동,35.942156,128.953065,2
경상북도,영천시,대전동,35.986936,128.915563,1
경상북도,영천시,본촌동,35.925249,128.95225,1
경상북도,영천시,봉동,35.933348,128.94372,1
경상북도,영천시,성내동,35.966242,128.92875,1
경상북도,영천시,오미동,36.000852,128.941735,1
경상북도,영천시,화룡동,35.974873,128.92567,1
경상북도,예천군,,36.649101,128.444539,271
경상북도,울릉군,,37.487901,130.840341,20
경상북도,울진군,,36.890863,129.406398,183
경상북도,의성군,,36.355524,128.639658,452
경상북도,청도군,,35.663718,128.70893,280
경상북도,청송군,,36.385968,129.057548,15
경상북도,칠곡군,,36.004576,128.408616,301
경상북도,포항시,,36.021878,129.37522,312
경상북도,포항시,대도동,36.008595,129.361825,13
경상북도,포항시,대잠동,36.018635,129.34195,8
경상북도,포항시,상도동,36.007591,129.353504,7
경상북도,포항시,장성동,36.070781,129.379896,7
경상북도,포항시,두호동,36.067188,129.378582,6
경상북도,포항시,송도동,36.034351,129.37578,6
경상북도,포항시,양덕동,36.080883,129.401255,6
경상북도,포항시,용흥동,36.045528,129.34413,5
경상북도,포항시,효자동,36.007393,129.337405,5
경상북도,포항시,득량동,36.030584,129.343951,4
경상북도,포항시,우현동,36.055991,129.360854,4
경상북도,포항시,이동,36.028106,129.339514,4
경상북도,포항시,일월동,35.994077,129.418586,3
경상북도,포항시,죽도동,36.027663,129.359669,3
경상북도,포항시,해도동,36.02242,129.369359,3
경상북도,포항시,환호동,36.071864,129.398084,3
경상북도,포항시,덕산동,36.042658,129.362849,2
경상북도,포항시,덕수동,36.046102,129.363148,2
경상북도,포항시,청림동,35.997408,129.413026,2
경상북도,포항시,괴동동,35.995956,129.383794,1
경상북도,포항시,동촌동,35.990713,129.394174,1
경상북도,포항시,창포동,36.063787,129.369782,1
경상북도,포항시,학잠동,36.035578,129.341464,1
경상북도,포항시 남구,,35.980172,129.441567,67
경상북도,포항시 남구,대도동,36.00701,129.360626,8
경상북도,포항시 남구,송도동,36.03625,129.377903,4
경상북도,포항시 남구,대잠동,36.01878,129.343947,3
경상북도,포항시 남구,일월동,35.995487,129.421774,2
경상북도,포항시 남구,해도동,36.01951,129.371972,2
경상북도,포항시 남구,효자동,36.005867,129.330159,2
경상북도,포항시 남구,상도동,36.006779,129.355179,1
경상북도,포항시 북구,,36.164753,129.319868,111
경상북도,포항시 북구,양덕동,36.081053,129.404205,7
경상북도,포항시 북구,두호동,36.067496,129.382747,5
경상북도,포항시 북구,용흥동,36.036308,129.349734,3
경상북도,포항시 북구,득량동,36.027399,129.34668,2
경상북도,포항시 북구,장성동,36.08208,129.386504,2
경상북도,포항시 북구,죽도동,36.031249,129.366096,2
경상북도,포항시 북구,우현동,36.056393,129.362247,1
경상북도,포항시 북구,창포동,36.06931,129.359883,1
경상북도,포항시 북구,학산동,36.051554,129.367996,1
경상북도,포항시 북구,학잠동,36.032202,129.349135,1
경상북도,포항시 북구,환호동,36.071771,129.405342,1
대구광역시,남구,,35.838071,128.587221,38
대구광역시,남구,대명동,35.833528,128.58197,16
대구광역시,남구,봉덕동,35.832978,128.60009,6
대구광역시,남구,이천동,35.852185,128.601768,2
대구광역시,달서구,,35.837123,128.528444,162
대구광역시,달서구,상인동,35.811612,128.549182,19
대구광역시,달서구,용산동,35.855841,128.525459,13
대구광역시,달서구,송현동,35.824731,128.552409,12
대구광역시,달서구,이곡동,35.858987,128.505853,10
대구광역시,달서구,신당동,35.856401,128.496451,7
대구광역시,달서구,대곡동,35.804839,128.528704,5
대구광역시,달서구,두류동,35.856567,128.557193,5
대구광역시,달서구,호산동,35.848985,128.487109,5
대구광역시,달서구,도원동,35.803556,128.545566,4
대구광역시,달서구,월암동,35.832436,128.495556,4
대구광역시,달서구,죽전동,35.855411,128.537198,4
대구광역시,달서구,진천동,35.810542,128.52552,4
대구광역시,달서구,대천동,35.849251,128.50239,3
대구광역시,달서구,성당동,35.846969,128.561665,3
대구광역시,달서구,감삼동,35.850405,128.543866,2
대구광역시,달서구,본동,35.833975,128.538227,2
대구광역시,달서구,장기동,35.843908,128.525919,2
대구광역시,달서구,본리동,35.840875,128.52893,1
대구광역시,달서구,월성동,35.82786,128.528815,1
대구광역시,달서구,장동,35.847757,128.524708,1
대구광역시,달성군,,35.766304,128.458334,145
대구광역시,동구,,35.892691,128.653618,51
대구광역시,동구,신서동,35.883612,128.732718,5
대구광역시,동구,봉무동,35.922418,128.640769,4
대구광역시,동구,효목동,35.879565,128.651057,4
대구광역시,동구,각산동,35.877689,128.716884,3
대구광역시,동구,불로동,35.90956,128.638766,3
대구광역시,동구,신암동,35.890414,128.622952,3
대구광역시,동구,율하동,35.859875,128.693562,3
대구광역시,동구,도동,35.916476,128.658745,2
대구광역시,동구,도학동,35.969075,128.703391,2
대구광역시,동구,용계동,35.871487,128.683324,2
대구광역시,동구,용수동,35.990612,128.697669,2
대구광역시,동구,중대동,35.982488,128.63602,2
대구광역시,동구,괴전동,35.87128,128.733773,1
대구광역시,동구,능성동,35.964996,128.743704,1
대구광역시,동구,덕곡동,35.984354,128.619102,1
대구광역시,동구,매여동,35.910667,128.717871,1
대구광역시,동구,미대동,35.952117,128.675802,1
대구광역시,동구,백안동,35.961909,128.698061,1
대구광역시,동구,부동,35.894228,128.682394,1
대구광역시,동구,송정동,35.995237,128.620055,1
대구광역시,동구,신기동,35.868976,128.703081,1
대구광역시,동구,신무동,35.985366,128.673164,1
대구광역시,동구,신천동,35.868254,128.62608,1
대구광역시,동구,신평동,35.883498,128.69325,1
대구광역시,동구,입석동,35.88998,128.650299,1
대구광역시,동구,지묘동,35.942314,128.642395,1
대구광역시,동구,지저동,35.896185,128.643698,1
대구광역시,동구,진인동,35.955572,128.714216,1
대구광역시,동구,평광동,35.934555,128.7189,1
대구광역시,북구,,35.912972,128.571171,159
대구광역시,북구,구암동,35.928853,128.55815,18
대구광역시,북구,산격동,35.893756,128.604281,15
대구광역시,북구,관음동,35.935015,128.546507,9
대구광역시,북구,침산동,35.888691,128.58541,7
대구광역시,북구,고성동3가,35.882717,128.586542,6
대구광역시,북구,서변동,36.497877,127.265434,6
대구광역시,북구,읍내동,35.946838,128.551133,6
대구광역시,북구,국우동,35.94492,128.573915,4
대구광역시,북구,금호동,35.897309,128.522336,4
대구광역시,북구,복현동,35.89477,128.617506,4
대구광역시,북구,연경동,35.94351,128.623991,4
대구광역시,북구,태전동,35.924924,128.546618,4
대구광역시,북구,매천동,35.911221,128.540099,3
대구광역시,북구,조야동,35.914086,128.577945,3
대구광역시,북구,노원동3가,35.8952,128.571198,2
대구광역시,북구,동천동,35.935525,128.556648,2
대구광역시,북구,사수동,35.899231,128.512893,2
대구광역시,북구,노원동2가,35.888805,128.574042,1
대구광역시,북구,대현동,35.881902,128.607398,1
대구광역시,북구,칠성동1가,35.876862,128.602276,1
대구광역시,북구,칠성동2가,35.88155,128.601799,1
대구광역시,북구,팔달동,35.896878,128.5369,1
대구광역시,북구,학정동,35.949064,128.568814,1
대구광역시,서구,비산동,35.881875,128.569262,31
대구광역시,서구,,35.872469,128.546217,25
대구광역시,서구,평리동,35.875269,128.557799,14
대구광역시,서구,중리동,35.862792,128.544809,12
대구광역시,서구,내당동,35.86101,128.553678,8
대구광역시,서구,이현동,35.873624,128.545826,8
대구광역시,서구,상리동,35.871723,128.52772,6
대구광역시,서구,원대동3가,35.886067,128.57553,5
대구광역시,서구,원대동1가,35.881465,128.576825,2
대구광역시,수성구,,35.851023,128.679571,14
대구광역시,수성구,대흥동,35.825249,128.684995,9
대구광역시,수성구,만촌동,35.870774,128.649184,7
대구광역시,수성구,고모동,35.869955,128.67391,6
대구광역시,수성구,범어동,35.849376,128.630694,5
대구광역시,수성구,범물동,35.814102,128.643076,3
대구광역시,수성구,지산동,35.820936,128.635512,3
대구광역시,수성구,매호동,35.844997,128.703341,2
대구광역시,수성구,삼덕동,35.827227,128.679075,2
대구광역시,수성구,연호동,35.843882,128.677136,2
대구광역시,수성구,황금동,35.844158,128.628335,2
대구광역시,수성구,두산동,35.828791,128.619779,1
대구광역시,수성구,수성동4가,35.864193,128.612667,1
대구광역시,수성구,욱수동,35.823605,128.706063,1
대구광역시,수성구,파동,35.826047,128.606765,1
대구광역시,중구,,35.862742,128.584215,16
대구광역시,중구,남산동,35.862563,128.590196,10
대구광역시,중구,대봉동,35.857549,128.600599,2
대구광역시,중구,달성동,35.873399,128.57592,1
대구광역시,중구,대신동,35.864146,128.575117,1
대구광역시,중구,동산동,35.866603,128.583041,1
대구광역시,중구,태평로1가,35.874864,128.597646,1
대전광역시,대덕구,,36.405603,127.425444,12
대전광역시,대덕구,목상동,36.445426,127.414461,4
대전광역시,대덕구,상서동,36.42573,127.414533,3
대전광역시,대덕구,송촌동,36.361272,127.442558,3
대전광역시,대덕구,신일동,36.442755,127.410296,3
대전광역시,대덕구,중리동,36.36428,127.434303,3
대전광역시,대덕구,법동,36.371534,127.433231,1
대전광역시,대덕구,석봉동,36.450795,127.423214,1
대전광역시,대덕구,신탄진동,36.444907,127.429813,1
대전광역시,대덕구,연축동,36.396936,127.426829,1
대전광역시,동구,,36.31177,127.454807,89
대전광역시,동구,가양동,36.339482,127.438121,2
대전광역시,동구,인동,36.319762,127.437907,2
대전광역시,동구,대별동,36.283164,127.454432,1
대전광역시,동구,삼성동,36.342987,127.420462,1
대전광역시,동구,성남동,36.34265,127.430802,1
대전광역시,동구,용운동,36.324517,127.466735,1
대전광역시,서구,,36.300989,127.365929,21
대전광역시,서구,정림동,36.30383,127.36289,6
대전광역시,서구,갈마동,36.352436,127.371586,5
대전광역시,서구,관저동,36.29299,127.335204,3
대전광역시,서구,내동,36.337672,127.362566,3
대전광역시,서구,탄방동,36.34623,127.397991,3
대전광역시,서구,도마동,36.318482,127.376596,2
대전광역시,서구,월평동,36.359426,127.363509,2
대전광역시,서구,괴곡동,36.276294,127.367277,1
대전광역시,서구,괴정동,36.340139,127.373623,1
대전광역시,서구,도안동,36.33174,127.344829,1
대전광역시,서구,만년동,36.497877,127.265434,1
대전광역시,서구,복수동,36.304736,127.379786,1
대전광역시,서구,산직동,36.242551,127.354523,1
대전광역시,서구,원정동,36.25809,127.301407,1
대전광역시,유성구,,36.371879,127.331687,91
대전광역시,유성구,지족동,36.384056,127.314209,18
대전광역시,유성구,신성동,36.386932,127.347661,13
대전광역시,유성구,봉명동,36.354255,127.347931,12
대전광역시,유성구,노은동,36.367577,127.32357,11
대전광역시,유성구,죽동,36.376733,127.335846,10
대전광역시,유성구,덕명동,36.353622,127.306511,9
대전광역시,유성구,전민동,36.398532,127.404536,8
대전광역시,유성구,송강동,36.43501,127.384101,7
대전광역시,유성구,원내동,36.29541,127.31815,7
대전광역시,유성구,장대동,36.359206,127.333549,7
대전광역시,유성구,하기동,36.388261,127.322917,7
대전광역시,유성구,구암동,36.352226,127.331838,6
대전광역시,유성구,가정동,36.378093,127.364027,5
대전광역시,유성구,관평동,36.422835,127.394456,5
대전광역시,유성구,반석동,36.392119,127.305579,5
대전광역시,유성구,성북동,36.306811,127.293917,5
대전광역시,유성구,학하동,36.339041,127.310455,5
대전광역시,유성구,문지동,36.393732,127.407278,4
대전광역시,유성구,봉산동,36.443708,127.384307,4
대전광역시,유성구,상대동,36.340243,127.33534,4
대전광역시,유성구,세동,36.290944,127.273268,4
대전광역시,유성구,원촌동,36.395162,127.404379,4
대전광역시,유성구,계산동,36.341746,127.301686,3
대전광역시,유성구,궁동,36.3627,127.351358,3
대전광역시,유성구,도룡동,36.385059,127.382106,3
대전광역시,유성구,원신흥동,36.341766,127.346153,3
대전광역시,유성구,장동,36.400528,127.365464,3
대전광역시,유성구,탑립동,36.415325,127.411698,3
대전광역시,유성구,갑동,36.361153,127.294186,2
대전광역시,유성구,구성동,36.373467,127.370341,2
대전광역시,유성구,송정동,36.283709,127.25784,2
대전광역시,유성구,어은동,36.362749,127.356382,2
대전광역시,유성구,용산동,36.419084,127.399621,2
대전광역시,유성구,추목동,36.416667,127.338719,2
대전광역시,유성구,화암동,36.414315,127.376721,2
대전광역시,유성구,구룡동,36.445905,127.367506,1
대전광역시,유성구,대동,36.48123,127.393488,1
대전광역시,유성구,대정동,36.315132,127.320681,1
대전광역시,유성구,방동,36.272723,127.273653,1
대전광역시,유성구,방현동,36.406465,127.373405,1
대전광역시,유성구,복용동,36.343221,127.30935,1
대전광역시,유성구,신봉동,36.415071,127.338392,1
대전광역시,유성구,외삼동,36.39759,127.315134,1
대전광역시,유성구,자운동,36.396079,127.350847,1
대전광역시,중구,,36.313909,127.399983,49
대전광역시,중구,부사동,36.316336,127.430634,10
대전광역시,중구,태평동,36.327609,127.392684,6
대전광역시,중구,문화동,36.310219,127.406529,4
대전광역시,중구,사정동,36.297532,127.406582,3
대전광역시,중구,안영동,36.283959,127.376387,3
대전광역시,중구,유천동,36.317263,127.399742,3
대전광역시,중구,대사동,36.313107,127.421542,2
대전광역시,중구,대흥동,36.320244,127.42539,2
대전광역시,중구,목달동,36.271076,127.404125,2
대전광역시,중구,문창동,36.316948,127.435437,2
대전광역시,중구,산성동,36.310363,127.389857,2
대전광역시,중구,선화동,36.329962,127.417304,2
대전광역시,중구,오류동,36.326844,127.404894,2
대전광역시,중구,중촌동,36.340052,127.409387,2
대전광역시,중구,구완동,36.28215,127.422281,1
대전광역시,중구,금동,36.244394,127.426586,1
대전광역시,중구,목동,36.329625,127.411295,1
대전광역시,중구,석교동,36.304593,127.438441,1
대전광역시,중구,용두동,36.327712,127.408952,1
대전광역시,중구,정생동,36.255669,127.398353,1
대전광역시,중구,침산동,36.27125,127.392525,1
부산광역시,강서구,,35.165789,128.915543,125
부산광역시,강서구,대저1동,35.210957,128.972213,17
부산광역시,강서구,대저2동,35.152309,128.9549,8
부산광역시,강서구,명지동,35.090999,128.917952,7
부산광역시,강서구,강동동,35.198658,128.928733,4
부산광역시,강서구,신호동,35.088103,128.871937,3
부산광역시,강서구,대항동,35.11623,128.906414,2
부산광역시,강서구,범방동,35.157438,128.885584,2
부산광역시,강서구,송정동,35.101225,128.848712,2
부산광역시,강서구,천성동,35.043135,128.818847,2
부산광역시,강서구,눌차동,35.067163,128.855644,1
부산광역시,강서구,동선동,35.05489,128.846086,1
부산광역시,강서구,봉림동,35.177316,128.888698,1
부산광역시,강서구,죽림동,35.196793,128.903791,1
부산광역시,강서구,화전동,35.10997,128.877413,1
부산광역시,금정구,,35.251377,129.096709,49
부산광역시,금정구,두구동,35.289122,129.107042,6
부산광역시,금정구,구서동,35.247108,129.082998,3
부산광역시,금정구,노포동,35.284687,129.09548,3
부산광역시,금정구,부곡동,35.219472,129.096142,3
부산광역시,금정구,남산동,35.265701,129.093709,2
부산광역시,금정구,장전동,35.231901,129.069542,1
부산광역시,기장군,,35.303419,129.216518,175
부산광역시,남구,,35.130961,129.085524,43
부산광역시,남구,용호동,35.104173,129.109343,27
부산광역시,남구,대연동,35.137139,129.08827,10
부산광역시,남구,문현동,35.138911,129.066889,5
부산광역시,남구,감만동,35.116231,129.082118,2
부산광역시,남구,우암동,35.126811,129.071371,2
부산광역시,동구,수정동,35.131221,129.039912,26
부산광역시,동구,범일동,35.139737,129.050407,21
부산광역시,동구,초량동,35.120236,129.033461,15
부산광역시,동구,좌천동,35.133802,129.051622,5
부산광역시,동구,,35.132053,129.042524,2
부산광역시,동래구,,35.204532,129.080345,44
부산광역시,동래구,온천동,35.211124,129.071872,10
부산광역시,동래구,안락동,35.189006,129.111533,9
부산광역시,동래구,사직동,35.194333,129.062331,6
부산광역시,동래구,낙민동,35.198477,129.089025,2
부산광역시,동래구,명장동,35.203667,129.104698,1
부산광역시,동래구,수안동,35.199023,129.081356,1
부산광역시,부산진구,,35.15801,129.034526,95
부산광역시,부산진구,전포동,35.156915,129.073757,37
부산광역시,부산진구,개금동,35.158242,129.020956,27
부산광역시,부산진구,초읍동,35.182505,129.046693,25
부산광역시,부산진구,범천동,35.146923,129.049113,22
부산광역시,부산진구,가야동,35.149834,129.037471,18
부산광역시,부산진구,당감동,35.166203,129.035968,17
부산광역시,부산진구,부암동,35.170415,129.041696,9
부산광역시,부산진구,양정동,35.171348,129.068689,8
부산광역시,부산진구,부전동,35.160466,129.05372,4
부산광역시,부산진구,범전동,35.164325,129.05686,3
부산광역시,부산진구,연지동,35.169746,129.045958,1
부산광역시,북구,,35.220504,129.019578,59
부산광역시,북구,화명동,35.232334,129.012968,4
부산광역시,북구,구포동,35.171654,128.975096,2
부산광역시,북구,금곡동,35.262339,129.016496,2
부산광역시,북구,만덕동,35.21224,129.033117,2
부산광역시,북구,덕천동,35.213438,129.005751,1
부산광역시,사상구,,35.161912,128.981142,54
부산광역시,사상구,모라동,35.184897,128.997175,11
부산광역시,사상구,주례동,35.147155,129.011171,11
부산광역시,사상구,감전동,35.155784,128.974954,9
부산광역시,사상구,삼락동,35.170013,128.97657,6
부산광역시,사상구,학장동,35.14241,128.988176,4
부산광역시,사상구,괘법동,35.171875,129.003059,3
부산광역시,사상구,덕포동,35.171481,128.994693,3
부산광역시,사상구,엄궁동,35.127118,128.978601,2
부산광역시,사하구,,35.096488,128.982113,50
부산광역시,사하구,신평동,35.088212,128.958217,8
부산광역시,사하구,하단동,35.110446,128.946962,6
부산광역시,사하구,감천동,35.089435,128.998878,5
부산광역시,사하구,괴정동,35.100135,128.997534,5
부산광역시,사하구,장림동,35.074434,128.979634,2
부산광역시,사하구,구평동,35.086423,128.985728,1
부산광역시,사하구,다대동,35.04638,128.968008,1
부산광역시,사하구,당리동,35.100153,128.97394,1
부산광역시,서구,,35.101921,129.016026,18
부산광역시,서구,암남동,35.073332,129.016899,8
부산광역시,서구,서대신동3가,35.11734,129.01575,7
부산광역시,서구,남부민동,35.09132,129.022237,3
부산광역시,서구,아미동2가,35.099204,129.013231,2
부산광역시,서구,초장동,35.095475,129.020492,1
부산광역시,서구,토성동4가,35.097581,129.023882,1
부산광역시,수영구,,35.16321,129.104476,46
부산광역시,수영구,망미동,35.175663,129.101936,11
부산광역시,수영구,광안동,35.163187,129.10726,10
부산광역시,수영구,민락동,35.163002,129.124691,5
부산광역시,수영구,남천동,35.145549,129.109077,2
부산광역시,연제구,,35.183106,129.085976,28
부산광역시,연제구,연산동,35.18434,129.088102,3
부산광역시,연제구,거제동,35.190601,129.06576,2
부산광역시,영도구,,35.085117,129.056428,44
부산광역시,영도구,동삼동,35.076859,129.065938,16
부산광역시,영도구,청학동,35.088094,129.058261,5
부산광역시,영도구,영선동4가,35.077657,129.048439,2
부산광역시,영도구,남항동3가,35.082175,129.039094,1
부산광역시,영도구,봉래동4가,35.090099,129.049366,1
부산광역시,영도구,봉래동5가,35.092696,129.055243,1
부산광역시,영도구,신선동1가,35.089132,129.046772,1
부산광역시,영도구,신선동3가,35.081429,129.047876,1
부산광역시,중구,,35.108585,129.029462,11
부산광역시,중구,보수동1가,35.110024,129.027069,5
부산광역시,중구,영주동,35.113058,129.031647,3
부산광역시,중구,남포동1가,35.096651,129.035126,1
부산광역시,중구,동광동2가,35.100502,129.033365,1
부산광역시,중구,동광동5가,35.108971,129.036208,1
부산광역시,해운대구,,35.219421,129.135797,19
부산광역시,해운대구,좌동,35.180398,129.166514,16
부산광역시,해운대구,반여동,35.199269,129.129822,15
부산광역시,해운대구,우동,35.168986,129.14157,15
부산광역시,해운대구,반송동,35.220511,129.156128,11
부산광역시,해운대구,재송동,35.184626,129.125547,10
부산광역시,해운대구,송정동,35.169462,129.196162,3
부산광역시,해운대구,중동,35.162484,129.186616,1
서울특별시,강남구,,37.492097,127.057805,80
서울특별시,강남구,일원동,37.497781,127.082476,15
서울특별시,강남구,수서동,37.488973,127.105281,3
서울특별시,강남구,개포동,37.476371,127.053643,2
서울특별시,강남구,대치동,36.995882,127.164853,2
서울특별시,강남구,세곡동,37.466783,127.113143,2
서울특별시,강남구,율현동,37.474631,127.116122,2
서울특별시,강남구,도곡동,37.486138,127.042416,1
서울특별시,강남구,역삼동,37.493974,127.040912,1
서울특별시,강동구,고덕동,37.556725,127.169679,5
서울특별시,강동구,,37.561657,127.145944,4
서울특별시,강동구,둔촌동,37.53119,127.15053,2
서울특별시,강동구,천호동,37.542252,127.129076,2
서울특별시,강동구,강일동,37.566797,127.172633,1
서울특별시,강동구,명일동,37.544507,127.154014,1
서울특별시,강동구,상일동,37.555286,127.174232,1
서울특별시,강동구,암사동,37.562922,127.12985,1
서울특별시,강북구,번동,37.630455,127.03778,10
서울특별시,강북구,수유동,37.64449,127.013877,7
서울특별시,강북구,미아동,37.619555,127.017722,1
서울특별시,강북구,우이동,37.662304,127.00794,1
서울특별시,강서구,,37.570516,126.815976,9
서울특별시,강서구,마곡동,37.035272,127.051899,8
서울특별시,강서구,가양동,37.559552,126.864933,2
서울특별시,강서구,등촌동,37.559679,126.850577,2
서울특별시,강서구,화곡동,37.539705,126.855852,2
서울특별시,강서구,공항동,37.558782,126.810073,1
서울특별시,강서구,내발산동,37.550966,126.829893,1
서울특별시,강서구,염창동,37.557947,126.867126,1
서울특별시,관악구,봉천동,37.474628,126.957456,10
서울특별시,관악구,신림동,37.477862,126.919361,9
서울특별시,관악구,,37.482544,126.927083,3
서울특별시,광진구,자양동,37.537571,127.070513,10
서울특별시,광진구,광장동,37.545999,127.106822,3
서울특별시,광진구,구의동,37.547211,127.096501,3
서울특별시,광진구,중곡동,37.567778,127.084803,2
서울특별시,광진구,,37.549591,127.081573,1
서울특별시,광진구,능동,37.552011,127.078774,1
서울특별시,구로구,,37.498903,126.870526,28
서울특별시,구로구,구로동,37.500904,126.874586,13
서울특별시,구로구,신도림동,37.513712,126.880967,8
서울특별시,구로구,고척동,37.500616,126.86772,6
서울특별시,구로구,개봉동,37.485931,126.854378,4
서울특별시,구로구,오류동,37.492247,126.832521,3
서울특별시,구로구,궁동,37.499662,126.826754,1
서울특별시,구로구,천왕동,37.488425,126.841846,1
서울특별시,구로구,항동,37.477088,126.822982,1
서울특별시,금천구,,37.456218,126.909256,31
서울특별시,금천구,독산동,37.469493,126.908882,11
서울특별시,금천구,가산동,36.497877,127.265434,3
서울특별시,금천구,시흥동,36.973049,127.090562,2
서울특별시,노원구,,37.650627,127.065676,24
서울특별시,노원구,상계동,37.660384,127.059922,15
서울특별시,노원구,공릉동,37.63478,127.086359,11
서울특별시,노원구,월계동,37.631241,127.056536,6
서울특별시,노원구,중계동,37.645608,127.066867,3
서울특별시,노원구,하계동,37.638901,127.074839,2
서울특별시,도봉구,,37.653052,127.040785,70
서울특별시,도봉구,도봉동,37.685521,127.046808,12
서울특별시,도봉구,방학동,37.668427,127.028809,3
서울특별시,도봉구,창동,37.647495,127.041386,3
서울특별시,도봉구,쌍문동,37.654381,127.02837,1
서울특별시,동대문구,이문동,37.602246,127.068703,3
서울특별시,동대문구,,36.211247,127.337254,2
서울특별시,동대문구,청량리동,37.587241,127.049827,2
서울특별시,동대문구,답십리동,37.572289,127.063953,1
서울특별시,동대문구,용두동,37.574392,127.039897,1
서울특별시,동대문구,장안동,37.566531,127.073474,1
서울특별시,동작구,,37.494722,126.960352,33
서울특별시,동작구,신대방동,37.490409,126.917957,9
서울특별시,동작구,본동,37.513238,126.953779,7
서울특별시,동작구,사당동,37.48591,126.969743,5
서울특별시,동작구,대방동,37.510855,126.929589,3
서울특별시,동작구,흑석동,37.510056,126.963472,3
서울특별시,동작구,상도동,37.498722,126.945191,2
서울특별시,동작구,동작동,37.50287,126.980268,1
서울특별시,마포구,,37.556511,126.920124,91
서울특별시,마포구,망원동,37.557785,126.897235,16
서울특별시,마포구,상암동,37.572463,126.88052,7
서울특별시,마포구,성산동,37.565199,126.898483,5
서울특별시,마포구,아현동,37.55339,126.961123,2
서울특별시,마포구,당인동,37.544342,126.921825,1
서울특별시,마포구,대흥동,37.549906,126.945534,1
서울특별시,마포구,신수동,37.542115,126.93362,1
서울특별시,마포구,염리동,37.541967,126.945232,1
서울특별시,마포구,용강동,37.540525,126.94392,1
서울특별시,마포구,창전동,37.551983,126.92984,1
서울특별시,마포구,현석동,37.544347,126.933325,1
서울특별시,서대문구,,37.583095,126.930312,28
서울특별시,서대문구,홍은동,37.580759,126.931557,4
서울특별시,서대문구,연희동,37.578974,126.938345,3
서울특별시,서대문구,북아현동,37.561784,126.956294,2
서울특별시,서대문구,현저동,37.574019,126.952777,1
서울특별시,서대문구,홍제동,37.74862,128.883398,1
서울특별시,서초구,,37.487147,127.013377,171
서울특별시,서초구,반포동,37.499509,126.992753,6
서울특별시,서초구,양재동,37.47233,127.043005,3
서울특별시,서초구,내곡동,37.458484,127.082238,1
서울특별시,서초구,방배동,37.489017,126.992275,1
서울특별시,서초구,원지동,37.459021,127.041685,1
서울특별시,서초구,잠원동,37.520751,127.012273,1
서울특별시,성동구,,37.552533,127.040836,15
서울특별시,성동구,용답동,37.560114,127.062111,6
서울특별시,성동구,성수동1가,37.544456,127.041799,4
서울특별시,성동구,금호동1가,36.497877,127.265434,2
서울특별시,성동구,금호동2가,37.551898,127.020753,2
서울특별시,성동구,마장동,37.562139,127.040795,2
서울특별시,성동구,사근동,37.554033,127.050253,2
서울특별시,성동구,옥수동,37.54231,127.015785,2
서울특별시,성동구,금호동3가,37.549404,127.018693,1
서울특별시,성동구,금호동4가,36.497877,127.265434,1
서울특별시,성동구,송정동,37.551005,127.068566,1
서울특별시,성동구,응봉동,37.54866,127.031018,1
서울특별시,성동구,행당동,37.553961,127.030093,1
서울특별시,성북구,하월곡동,37.60862,127.042284,4
서울특별시,성북구,석관동,37.610217,127.070051,3
서울특별시,성북구,종암동,37.601583,127.03816,3
서울특별시,성북구,돈암동,37.594473,127.012706,1
서울특별시,성북구,장위동,37.617639,127.055732,1
서울특별시,성북구,정릉동,37.602584,126.998035,1
서울특별시,송파구,,37.518788,127.118973,14
서울특별시,송파구,방이동,37.51721,127.126972,8
서울특별시,송파구,잠실동,37.5162,127.07594,7
서울특별시,송파구,거여동,37.490726,127.142853,4
서울특별시,송파구,오금동,37.505191,127.131653,3
서울특별시,송파구,마천동,37.496453,127.157915,2
서울특별시,송파구,풍납동,37.014305,127.188091,2
서울특별시,송파구,문정동,37.489704,127.111262,1
서울특별시,송파구,송파동,37.5032,127.110903,1
서울특별시,양천구,목동,37.530719,126.875499,11
서울특별시,양천구,,37.523455,126.84906,5
서울특별시,양천구,신월동,37.523172,126.83386,4
서울특별시,양천구,신정동,37.512286,126.857459,4
서울특별시,영등포구,신길동,37.506492,126.909808,19
서울특별시,영등포구,대림동,37.495457,126.903795,11
서울특별시,영등포구,,37.507917,126.893239,9
서울특별시,영등포구,도림동,37.507878,126.897578,7
서울특별시,영등포구,문래동1가,37.514743,126.903814,7
서울특별시,영등포구,당산동3가,37.525785,126.899187,4
서울특별시,영등포구,양화동,37.550915,126.882013,4
서울특별시,영등포구,당산동4가,37.526693,126.902731,3
서울특별시,영등포구,문래동3가,37.518852,126.894115,3
서울특별시,영등포구,문래동5가,37.51786,126.881958,3
서울특별시,영등포구,양평동3가,37.528926,126.890197,3
서울특별시,영등포구,여의도동,37.517695,126.934614,3
서울특별시,영등포구,영등포동,37.514666,126.909339,3
서울특별시,영등포구,양평동6가,37.542635,126.891875,2
서울특별시,영등포구,당산동6가,37.53493,126.90396,1
서울특별시,영등포구,문래동2가,37.511218,126.890805,1
서울특별시,영등포구,양평동5가,37.539809,126.894658,1
서울특별시,영등포구,영등포동2가,37.520071,126.910952,1
서울특별시,영등포구,영등포동6가,37.521343,126.904177,1
서울특별시,용산구,,37.544949,126.962273,12
서울특별시,용산구,용산동5가,36.497877,127.265434,3
서울특별시,용산구,효창동,37.541223,126.963017,3
서울특별시,용산구,갈월동,37.545774,126.974824,2
서울특별시,용산구,문배동,37.537242,126.967627,2
서울특별시,용산구,원효로3가,37.534379,126.95871,2
서울특별시,용산구,이촌동,37.521357,126.973299,2
서울특별시,용산구,이태원동,37.534465,126.989076,2
서울특별시,용산구,한강로3가,37.525727,126.963315,2
서울특별시,용산구,한남동,37.546427,127.003836,1
서울특별시,은평구,,37.60521,126.916664,27
서울특별시,은평구,진관동,37.630844,126.923581,6
서울특별시,은평구,녹번동,37.602457,126.928823,1
서울특별시,은평구,대조동,37.613996,126.9265,1
서울특별시,은평구,응암동,37.594216,126.924544,1
서울특별시,종로구,사직동,37.577919,126.963946,6
서울특별시,종로구,누상동,37.581902,126.964379,5
서울특별시,종로구,평창동,37.611054,126.968367,5
서울특별시,종로구,무악동,37.577867,126.958675,4
서울특별시,종로구,옥인동,37.582623,126.964836,4
서울특별시,종로구,신영동,37.601585,126.961239,3
서울특별시,종로구,창신동,37.573502,127.014367,3
서울특별시,종로구,혜화동,37.590459,126.9988,2
서울특별시,종로구,명륜3가,37.588688,126.995538,1
서울특별시,종로구,부암동,37.592274,126.964215,1
서울특별시,종로구,삼청동,37.588876,126.982808,1
서울특별시,종로구,청운동,37.58693,126.965567,1
서울특별시,종로구,필운동,37.578497,126.966889,1
서울특별시,종로구,행촌동,37.571914,126.961961,1
서울특별시,중구,,37.556147,127.006323,7
서울특별시,중구,장충동2가,37.559305,127.001327,4
서울특별시,중구,흥인동,37.565941,127.014791,3
서울특별시,중구,신당동,37.554692,127.01514,2
서울특별시,중구,만리동2가,37.55548,126.964816,1
서울특별시,중구,을지로5가,37.566929,127.004389,1
서울특별시,중구,회현동1가,37.556032,126.981638,1
서울특별시,중랑구,면목동,37.576343,127.090032,6
서울특별시,중랑구,신내동,37.610674,127.110258,4
서울특별시,중랑구,,37.5745,127.078838,3
서울특별시,중랑구,망우동,37.606221,127.108839,3
서울특별시,중랑구,묵동,37.615182,127.08748,3
세종특별자치시,세종시,,36.499278,127.267644,131
세종특별자치시,세종시,어진동,36.504394,127.263648,16
세종특별자치시,세종시,세종동,36.491774,127.271737,14
세종특별자치시,세종시,아름동,36.525267,127.259484,14
세종특별자치시,세종시,보람동,36.474109,127.291176,9
세종특별자치시,세종시,반곡동,36.494665,127.311155,6
세종특별자치시,세종시,도담동,36.515407,127.263911,5
세종특별자치시,세종시,한솔동,36.478288,127.255884,4
세종특별자치시,세종시,가람동,36.464145,127.247437,3
세종특별자치시,세종시,고운동,36.5098,127.235364,3
세종특별자치시,세종시,나성동,36.48508,127.260306,3
세종특별자치시,세종시,대평동,36.470979,127.265801,3
세종특별자치시,세종시,새롬동,36.486246,127.254254,3
세종특별자치시,세종시,다정동,36.494524,127.250343,1
세종특별자치시,세종시,소담동,36.484074,127.300368,1
세종특별자치시,세종시,종촌동,36.504635,127.246869,1
세종특별자치시,세종시,해밀동,36.526839,127.268185,1
울산광역시,남구,옥동,35.535267,129.259532,12
울산광역시,남구,,35.51441,129.321116,7
울산광역시,남구,신정동,35.538108,129.302526,4
울산광역시,남구,야음동,35.527755,129.332077,4
울산광역시,남구,매암동,35.502799,129.381386,2
울산광역시,남구,무거동,35.534349,129.253067,1
울산광역시,남구,삼산동,35.546119,129.336456,1
울산광역시,남구,여천동,35.531083,129.374777,1
울산광역시,동구,,35.50184,129.422086,41
울산광역시,동구,화정동,35.501867,129.416632,6
울산광역시,동구,방어동,35.482769,129.411142,2
울산광역시,동구,서부동,35.528966,129.427289,2
울산광역시,동구,전하동,35.51179,129.421993,2
울산광역시,동구,동부동,35.541378,129.429613,1
울산광역시,북구,,35.598342,129.361805,13
울산광역시,북구,연암동,35.584329,129.372885,5
울산광역시,북구,창평동,35.621776,129.358776,3
울산광역시,북구,상안동,35.626467,129.344641,2
울산광역시,북구,신천동,35.642766,129.347012,2
울산광역시,북구,염포동,35.533065,129.394663,2
울산광역시,북구,천곡동,35.636292,129.334608,2
울산광역시,북구,화봉동,35.59454,129.365082,2
울산광역시,북구,달천동,35.629675,129.321387,1
울산광역시,북구,양정동,35.549661,129.386183,1
울산광역시,북구,호계동,35.63039,129.357493,1
울산광역시,울주군,,35.55676,129.22312,76
울산광역시,중구,,35.56494,129.312708,45
울산광역시,중구,남외동,35.562663,129.349956,6
울산광역시,중구,성안동,35.576877,129.30451,5
울산광역시,중구,다운동,35.565275,129.2752,4
울산광역시,중구,약사동,35.579601,129.33524,3
울산광역시,중구,태화동,35.556018,129.296417,3
울산광역시,중구,학성동,35.554645,129.331987,2
울산광역시,중구,교동,35.561975,129.316829,1
울산광역시,중구,우정동,35.56494,129.309001,1
울산광역시,중구,유곡동,35.564652,129.283638,1
인천광역시,강화군,,37.729982,126.445361,303
인천광역시,계양구,서운동,37.53184,126.745477,5
인천광역시,계양구,계산동,37.545044,126.728997,3
인천광역시,계양구,효성동,37.526737,126.710345,3
인천광역시,계양구,방축동,37.551999,126.739574,2
인천광역시,계양구,작전동,37.526727,126.732923,2
인천광역시,계양구,갈현동,37.576507,126.729194,1
인천광역시,계양구,장기동,37.579615,126.737759,1
인천광역시,남구,,37.446706,126.669857,74
인천광역시,남구,주안동,37.465324,126.678529,8
인천광역시,남구,용현동,37.450269,126.650864,5
인천광역시,남구,학익동,37.437233,126.668854,4
인천광역시,남구,도화동,37.463951,126.667443,2
인천광역시,남구,문학동,37.435694,126.69136,2
인천광역시,남구,숭의동,37.460003,126.661478,2
인천광역시,남동구,만수동,37.447388,126.732329,7
인천광역시,남동구,도림동,37.414143,126.724832,6
인천광역시,남동구,구월동,37.457375,126.718897,5
인천광역시,남동구,수산동,37.437919,126.733598,5
인천광역시,남동구,논현동,37.405099,126.703308,4
인천광역시,남동구,서창동,37.428859,126.748837,4
인천광역시,남동구,장수동,37.455095,126.753985,4
인천광역시,남동구,,37.424097,126.710022,3
인천광역시,남동구,고잔동,36.497877,127.265434,3
인천광역시,남동구,남촌동,37.431743,126.711372,2
인천광역시,남동구,간석동,37.475699,126.712054,1
인천광역시,부평구,,37.499779,126.730849,80
인천광역시,부평구,삼산동,37.51627,126.737538,8
인천광역시,부평구,부평동,37.488465,126.727427,7
인천광역시,부평구,십정동,37.47883,126.700651,6
인천광역시,부평구,갈산동,37.518583,126.724043,5
인천광역시,부평구,산곡동,37.5059,126.697837,5
인천광역시,부평구,청천동,37.519007,126.700964,5
인천광역시,부평구,부개동,37.497272,126.736158,1
인천광역시,서해구,원창동,37.517593,126.65932,1
인천광역시,연수구,송도동,37.373144,126.650735,11
인천광역시,연수구,선학동,37.430886,126.701822,10
인천광역시,연수구,동춘동,37.41193,126.670476,7
인천광역시,연수구,,37.415182,126.682664,5
인천광역시,연수구,연수동,37.411551,126.685535,4
인천광역시,연수구,청학동,37.420833,126.670113,4
인천광역시,연수구,옥련동,37.427724,126.644607,2
인천광역시,옹진군,,37.254244,126.305126,86
전남광주통합특별시,강진군,,34.645271,126.781306,42
전남광주통합특별시,고흥군,,34.602057,127.300319,316
전남광주통합특별시,곡성군,,35.271578,127.286755,20
전남광주통합특별시,광산구,,35.177534,126.804675,93
전남광주통합특별시,광산구,우산동,35.165497,126.820837,9
전남광주통합특별시,광산구,산월동,35.213303,126.852509,7
전남광주통합특별시,광산구,월곡동,35.168618,126.806113,7
전남광주통합특별시,광산구,비아동,35.222562,126.825319,5
전남광주통합특별시,광산구,소촌동,35.14999,126.799599,5
전남광주통합특별시,광산구,송정동,35.135909,126.798769,5
전남광주통합특별시,광산구,안청동,35.212983,126.80237,5
전남광주통합특별시,광산구,하남동,35.178813,126.799329,5
전남광주통합특별시,광산구,도산동,35.130565,126.788793,3
전남광주통합특별시,광산구,산정동,35.181336,126.792103,3
전남광주통합특별시,광산구,연산동,35.108886,126.74901,3
전남광주통합특별시,광산구,운남동,35.172444,126.81412,3
전남광주통합특별시,광산구,임곡동,35.220977,126.746495,3
전남광주통합특별시,광산구,남산동,35.176288,126.727671,2
전남광주통합특별시,광산구,등임동,35.191674,126.765654,2
전남광주통합특별시,광산구,복룡동,35.113172,126.783597,2
전남광주통합특별시,광산구,산막동,35.200953,126.763944,2
전남광주통합특별시,광산구,산수동,35.187599,126.74394,2
전남광주통합특별시,광산구,송대동,35.103673,126.792192,2
전남광주통합특별시,광산구,송치동,35.179398,126.734101,2
전남광주통합특별시,광산구,수완동,35.202891,126.827202,2
전남광주통합특별시,광산구,신가동,35.188805,126.828424,2
전남광주통합특별시,광산구,쌍암동,35.222821,126.844412,2
전남광주통합특별시,광산구,양산동,35.199343,126.684172,2
전남광주통합특별시,광산구,용동,35.134109,126.754088,2
전남광주통합특별시,광산구,월계동,35.21414,126.836757,2
전남광주통합특별시,광산구,유계동,35.095978,126.782283,2
전남광주통합특별시,광산구,고룡동,35.209983,126.774758,1
전남광주통합특별시,광산구,대산동,35.129914,126.677742,1
전남광주통합특별시,광산구,도덕동,35.16247,126.703171,1
전남광주통합특별시,광산구,도천동,35.210027,126.82201,1
전남광주통합특별시,광산구,동림동,35.202172,126.683995,1
전남광주통합특별시,광산구,두정동,35.22604,126.761545,1
전남광주통합특별시,광산구,명도동,35.170419,126.695355,1
전남광주통합특별시,광산구,명화동,35.124467,126.721885,1
전남광주통합특별시,광산구,삼거동,35.163728,126.679538,1
전남광주통합특별시,광산구,선동,35.20173,126.753633,1
전남광주통합특별시,광산구,선암동,35.151728,126.771929,1
전남광주통합특별시,광산구,송산동,35.163662,126.718539,1
전남광주통합특별시,광산구,신동,35.110293,126.700282,1
전남광주통합특별시,광산구,신창동,35.193838,126.835448,1
전남광주통합특별시,광산구,오산동,35.23263,126.729298,1
전남광주통합특별시,광산구,옥동,35.125606,126.761112,1
전남광주통합특별시,광산구,왕동,35.197523,126.724542,1
전남광주통합특별시,광산구,용봉동,35.074239,126.769779,1
전남광주통합특별시,광산구,운수동,35.156322,126.782436,1
전남광주통합특별시,광산구,월전동,35.124754,126.769606,1
전남광주통합특별시,광산구,장덕동,35.186665,126.825916,1
전남광주통합특별시,광산구,장록동,35.13444,126.780532,1
전남광주통합특별시,광산구,장수동,35.185234,126.784449,1
전남광주통합특별시,광산구,지산동,35.186635,126.732336,1
전남광주통합특별시,광산구,지평동,35.154931,126.719843,1
전남광주통합특별시,광산구,진곡동,35.210131,126.790018,1
전남광주통합특별시,광산구,황룡동,35.125204,126.783997,1
전남광주통합특별시,광산구,흑석동,35.184934,126.802705,1
전남광주통합특별시,광양시,,34.986916,127.661741,289
전남광주통합특별시,광양시,광영동,34.964281,127.718856,16
전남광주통합특별시,광양시,금호동,34.936836,127.723727,11
전남광주통합특별시,광양시,마동,34.952187,127.693595,9
전남광주통합특별시,광양시,태인동,34.94355,127.753282,9
전남광주통합특별시,광양시,황길동,34.919208,127.656175,4
전남광주통합특별시,광양시,중동,34.935466,127.6907,3
전남광주통합특별시,광양시,도이동,34.936423,127.68307,2
전남광주통합특별시,광양시,성황동,34.947523,127.66599,2
전남광주통합특별시,광양시,중군동,34.960496,127.665699,2
전남광주통합특별시,광양시,황금동,34.911374,127.627386,1
전남광주통합특별시,구례군,,35.216617,127.466874,26
전남광주통합특별시,나주시,,35.004277,126.719123,20
전남광주통합특별시,나주시,송월동,35.010035,126.716819,6
전남광주통합특별시,나주시,남내동,35.032072,126.722577,2
전남광주통합특별시,나주시,죽림동,35.031727,126.724891,1
전남광주통합특별시,남구,,35.129012,126.89982,65
전남광주통합특별시,남구,봉선동,35.123349,126.912529,5
전남광주통합특별시,남구,진월동,35.118297,126.901791,4
전남광주통합특별시,남구,방림동,35.133155,126.921295,2
전남광주통합특별시,남구,월산동,35.143862,126.899368,2
전남광주통합특별시,남구,백운동,35.141181,126.907996,1
전남광주통합특별시,남구,서동,35.140674,126.910012,1
전남광주통합특별시,남구,송하동,35.105425,126.882155,1
전남광주통합특별시,남구,승촌동,35.056485,126.780769,1
전남광주통합특별시,남구,임암동,35.10671,126.867086,1
전남광주통합특별시,담양군,,35.316392,126.985142,28
전남광주통합특별시,동구,,35.113985,126.936591,4
전남광주통합특별시,동구,소태동,35.115413,126.93798,4
전남광주통합특별시,동구,용산동,35.117424,126.932784,3
전남광주통합특별시,동구,산수동,35.153447,126.930373,2
전남광주통합특별시,동구,학동,35.133038,126.934746,1
전남광주통합특별시,목포시,,34.806485,126.401065,152
전남광주통합특별시,목포시,대양동,34.8287,126.395801,15
전남광주통합특별시,목포시,옥암동,34.811911,126.44061,5
전남광주통합특별시,목포시,상동,34.824106,126.407245,4
전남광주통합특별시,목포시,연산동,36.497877,127.265434,3
전남광주통합특별시,목포시,용당동,34.797306,126.400332,2
전남광주통합특별시,목포시,산정동,34.805544,126.380115,1
전남광주통합특별시,무안군,,34.962338,126.467525,43
전남광주통합특별시,보성군,,34.80088,127.193805,80
전남광주통합특별시,북구,,35.199725,126.897468,18
전남광주통합특별시,북구,두암동,35.170257,126.939499,3
전남광주통합특별시,북구,임동,35.166178,126.894553,3
전남광주통합특별시,북구,각화동,35.183413,126.934692,2
전남광주통합특별시,북구,동림동,35.185122,126.867968,2
전남광주통합특별시,북구,망월동,35.202911,126.952318,2
전남광주통합특별시,북구,신안동,35.170378,126.895417,2
전남광주통합특별시,북구,우산동,35.176579,126.923303,2
전남광주통합특별시,북구,장등동,35.215472,126.930816,2
전남광주통합특별시,북구,충효동,35.17902,127.004881,2
전남광주통합특별시,북구,금곡동,35.170438,126.998165,1
전남광주통합특별시,북구,누문동,35.152373,126.907841,1
전남광주통합특별시,북구,매곡동,35.195176,126.890012,1
전남광주통합특별시,북구,문흥동,35.184917,126.916686,1
전남광주통합특별시,북구,본촌동,35.217204,126.882042,1
전남광주통합특별시,북구,삼각동,35.206531,126.905568,1
전남광주통합특별시,북구,수곡동,35.244751,126.920479,1
전남광주통합특별시,북구,양산동,35.2079,126.87631,1
전남광주통합특별시,북구,연제동,35.200391,126.861749,1
전남광주통합특별시,북구,오룡동,35.218374,126.854498,1
전남광주통합특별시,북구,용강동,35.248353,126.896092,1
전남광주통합특별시,북구,용전동,35.239596,126.897391,1
전남광주통합특별시,북구,운암동,35.180041,126.878791,1
전남광주통합특별시,북구,운정동,35.227615,126.946135,1
전남광주통합특별시,북구,지야동,35.232348,126.883567,1
전남광주통합특별시,북구,청풍동,35.174431,126.964955,1
전남광주통합특별시,북구,태령동,35.250999,126.925698,1
전남광주통합특별시,북구,풍향동,35.164707,126.92573,1
전남광주통합특별시,북구,화암동,35.153905,126.968821,1
전남광주통합특별시,북구,효령동,35.241329,126.915322,1
전남광주통합특별시,서구,,35.144688,126.861993,75
전남광주통합특별시,서구,풍암동,35.130046,126.880984,5
전남광주통합특별시,서구,덕흥동,35.173153,126.840323,3
전남광주통합특별시,서구,치평동,35.153028,126.84222,3
전남광주통합특별시,서구,금호동,35.130826,126.860323,2
전남광주통합특별시,서구,양동,35.157749,126.892869,1
전남광주통합특별시,서구,화정동,35.150639,126.875898,1
전남광주통합특별시,순천시,,34.947934,127.464669,514
전남광주통합특별시,순천시,연향동,34.939085,127.520102,15
전남광주통합특별시,순천시,조례동,34.957346,127.527313,11
전남광주통합특별시,순천시,동외동,34.956737,127.488288,9
전남광주통합특별시,순천시,남정동,34.941192,127.486748,6
전남광주통합특별시,순천시,덕월동,34.925988,127.487794,4
전남광주통합특별시,순천시,조곡동,34.949341,127.498991,4
전남광주통합특별시,순천시,풍덕동,34.938289,127.499055,4
전남광주통합특별시,순천시,교량동,34.917537,127.488146,3
전남광주통합특별시,순천시,금곡동,34.954552,127.480393,3
전남광주통합특별시,순천시,대대동,34.890681,127.507984,3
전남광주통합특별시,순천시,왕지동,34.975946,127.534086,3
전남광주통합특별시,순천시,인제동,34.943984,127.489754,3
전남광주통합특별시,순천시,장천동,34.949027,127.487221,3
전남광주통합특별시,순천시,대룡동,34.908602,127.492388,2
전남광주통합특별시,순천시,매곡동,34.96201,127.481992,2
전남광주통합특별시,순천시,인월동,34.891243,127.483729,2
전남광주통합특별시,순천시,홍내동,34.916827,127.50175,2
전남광주통합특별시,순천시,가곡동,34.974543,127.483236,1
전남광주통합특별시,순천시,삼거동,34.975339,127.436529,1
전남광주통합특별시,순천시,석현동,34.967675,127.486753,1
전남광주통합특별시,순천시,야흥동,34.913886,127.479154,1
전남광주통합특별시,순천시,오천동,34.936456,127.490154,1
전남광주통합특별시,순천시,옥천동,34.951394,127.469698,1
전남광주통합특별시,순천시,와룡동,34.958136,127.457518,1
전남광주통합특별시,순천시,용당동,34.967701,127.490259,1
전남광주통합특별시,순천시,저전동,34.951995,127.479441,1
전남광주통합특별시,신안군,,34.826196,126.110121,39
전남광주통합특별시,여수시,,34.749375,127.695032,334
전남광주통합특별시,여수시,오림동,34.761923,127.72462,16
전남광주통합특별시,여수시,웅천동,34.74685,127.681847,5
전남광주통합특별시,여수시,시전동,34.758721,127.679296,4
전남광주통합특별시,여수시,학동,34.760585,127.667689,4
전남광주통합특별시,여수시,봉강동,34.741398,127.721598,2
전남광주통합특별시,여수시,봉계동,34.784385,127.679302,2
전남광주통합특별시,여수시,상암동,34.830027,127.735625,2
전남광주통합특별시,여수시,국동,34.728572,127.716725,1
전남광주통합특별시,여수시,남산동,34.738119,127.729562,1
전남광주통합특별시,여수시,문수동,34.754221,127.701052,1
전남광주통합특별시,여수시,봉산동,34.738068,127.714068,1
전남광주통합특별시,여수시,소호동,34.738095,127.649899,1
전남광주통합특별시,여수시,수정동,34.744914,127.749713,1
전남광주통합특별시,여수시,여서동,34.745881,127.701176,1
전남광주통합특별시,여수시,연등동,34.74311,127.731351,1
전남광주통합특별시,여수시,오천동,34.925288,127.504225,1
전남광주통합특별시,여수시,종화동,34.741087,127.746217,1
전남광주통합특별시,여수시,주삼동,34.787549,127.64942,1
전남광주통합특별시,여수시,화장동,34.771453,127.641931,1
전남광주통합특별시,영광군,,35.281488,126.459231,192
전남광주통합특별시,영암군,,34.804304,126.644489,29
전남광주통합특별시,완도군,,34.317148,126.740438,61
전남광주통합특별시,장성군,,35.298065,126.778576,335
전남광주통합특별시,장흥군,,34.672954,126.908041,47
전남광주통합특별시,진도군,,34.4772,126.278883,38
전남광주통합특별시,함평군,,35.068838,126.532369,33
전남광주통합특별시,해남군,,34.561151,126.540596,481
전남광주통합특별시,화순군,,35.028323,126.990643,370
전북특별자치도,고창군,,35.432473,126.6749,53
전북특별자치도,군산시,,35.974918,126.80339,24
전북특별자치도,군산시,사정동,35.963209,126.747279,6
전북특별자치도,군산시,미장동,35.96347,126.724732,4
전북특별자치도,군산시,수송동,35.96473,126.720179,4
전북특별자치도,군산시,오식도동,35.967227,126.570205,3
전북특별자치도,군산시,산북동,35.9484,126.657806,2
전북특별자치도,군산시,소룡동,35.970258,126.635923,2
전북특별자치도,군산시,나운동,35.956419,126.697788,1
전북특별자치도,군산시,조촌동,36.497877,127.265434,1
전북특별자치도,군산시,중앙로2가,35.982902,126.71578,1
전북특별자치도,김제시,검산동,35.813172,126.903057,12
전북특별자치도,김제시,,35.809623,126.901008,9
전북특별자치도,김제시,요촌동,35.808196,126.895726,4
전북특별자치도,김제시,서암동,35.80464,126.874134,2
전북특별자치도,김제시,하동,35.814715,126.893189,2
전북특별자치도,김제시,교동,35.799436,126.876803,1
전북특별자치도,김제시,흥사동,36.497877,127.265434,1
전북특별자치도,남원시,,35.425854,127.439462,30
전북특별자치도,남원시,월락동,35.430861,127.405464,13
전북특별자치도,남원시,산곡동,35.427963,127.36429,2
전북특별자치도,남원시,향교동,35.421333,127.379453,2
전북특별자치도,남원시,노암동,35.39632,127.37348,1
전북특별자치도,남원시,도통동,35.418816,127.40015,1
전북특별자치도,남원시,어현동,35.406052,127.390452,1
전북특별자치도,남원시,왕정동,35.411961,127.368567,1
전북특별자치도,남원시,조산동,35.399444,127.372053,1
전북특별자치도,무주군,,35.974554,127.66149,35
전북특별자치도,부안군,,35.700454,126.713361,32
전북특별자치도,순창군,,35.37718,127.128726,46
전북특별자치도,완주군,,35.934055,127.151456,94
전북특별자치도,익산시,,36.049274,126.964267,60
전북특별자치도,익산시,부송동,35.967963,127.009858,14
전북특별자치도,익산시,금강동,35.934215,126.976942,6
전북특별자치도,익산시,현영동,35.95985,126.94034,6
전북특별자치도,익산시,모현동2가,35.95642,126.945084,3
전북특별자치도,익산시,어양동,35.949731,126.986127,3
전북특별자치도,익산시,남중동,35.945458,126.958313,2
전북특별자치도,익산시,영등동,35.962861,126.976527,2
전북특별자치도,익산시,팔봉동,35.961217,127.013767,2
전북특별자치도,익산시,마동,35.93838,126.96997,1
전북특별자치도,익산시,모현동1가,35.949834,126.936459,1
전북특별자치도,임실군,,35.608113,127.281255,47
전북특별자치도,장수군,,35.654594,127.531241,46
전북특별자치도,전주시,,35.857086,127.107522,7
전북특별자치도,전주시,송천동2가,35.875319,127.103672,1
전북특별자치도,전주시 덕진구,덕진동1가,35.853671,127.140865,6
전북특별자치도,전주시 덕진구,송천동1가,35.855548,127.126765,4
전북특별자치도,전주시 덕진구,인후동1가,35.82242,127.168447,2
전북특별자치도,전주시 덕진구,반월동,35.868087,127.064503,1
전북특별자치도,전주시 덕진구,송천동2가,35.87536,127.130361,1
전북특별자치도,전주시 덕진구,우아동1가,35.823723,127.170121,1
전북특별자치도,전주시 덕진구,인후동2가,35.841527,127.148868,1
전북특별자치도,전주시 덕진구,중동,35.836817,127.061043,1
전북특별자치도,전주시 덕진구,호성동1가,35.852832,127.151638,1
전북특별자치도,전주시 완산구,중인동,35.767535,127.101378,7
전북특별자치도,전주시 완산구,중화산동2가,35.82094,127.124564,4
전북특별자치도,전주시 완산구,효자동3가,35.811778,127.09262,3
전북특별자치도,전주시 완산구,평화동2가,36.14369,127.196571,2
전북특별자치도,전주시 완산구,색장동,35.798747,127.182021,1
전북특별자치도,전주시 완산구,서신동,35.831478,127.116601,1
전북특별자치도,전주시 완산구,효자동2가,35.802655,127.106198,1
전북특별자치도,정읍시,,35.584637,126.857376,160
전북특별자치도,정읍시,상평동,35.561853,126.836677,11
전북특별자치도,정읍시,시기동,35.556321,126.860187,2
전북특별자치도,정읍시,금붕동,35.553797,126.892545,1
전북특별자치도,정읍시,망제동,35.603609,126.839444,1
전북특별자치도,정읍시,상동,35.557401,126.865946,1
전북특별자치도,정읍시,수성동,35.582158,126.853821,1
전북특별자치도,정읍시,연지동,35.569557,126.84422,1
전북특별자치도,진안군,,35.822746,127.429013,56
제주특별자치도,서귀포시,,33.264331,126.561854,159
제주특별자치도,서귀포시,강정동,33.259223,126.500818,11
제주특별자치도,서귀포시,동홍동,33.257092,126.568859,8
제주특별자치도,서귀포시,서호동,33.253267,126.51448,6
제주특별자치도,서귀포시,법환동,33.246219,126.509275,5
제주특별자치도,서귀포시,토평동,33.268753,126.58931,5
제주특별자치도,서귀포시,하예동,33.243483,126.381987,5
제주특별자치도,서귀포시,상효동,33.286803,126.595628,4
제주특별자치도,서귀포시,서귀동,33.245788,126.564528,4
제주특별자치도,서귀포시,대포동,33.241679,126.433621,3
제주특별자치도,서귀포시,상예동,33.263585,126.384436,3
제주특별자치도,서귀포시,서홍동,33.251005,126.553698,3
제주특별자치도,서귀포시,중문동,33.252772,126.424798,3
제주특별자치도,서귀포시,회수동,33.266789,126.440177,3
제주특별자치도,서귀포시,보목동,33.243601,126.588707,1
제주특별자치도,서귀포시,색달동,33.265191,126.414583,1
제주특별자치도,서귀포시,신효동,33.258328,126.610422,1
제주특별자치도,서귀포시,하원동,33.256728,126.461133,1
제주특별자치도,제주시,,33.510199,126.576632,184
제주특별자치도,제주시,오라일동,33.495063,126.518797,9
제주특별자치도,제주시,외도일동,33.487735,126.433655,5
제주특별자치도,제주시,화북일동,33.521493,126.564766,5
제주특별자치도,제주시,건입동,33.514126,126.544423,4
제주특별자치도,제주시,도두일동,33.503494,126.467739,4
제주특별자치도,제주시,삼양일동,33.532644,126.598178,4
제주특별자치도,제주시,회천동,33.472376,126.636509,3
제주특별자치도,제주시,용담삼동,33.51581,126.505706,2
제주특별자치도,제주시,용담이동,33.506133,126.505742,2
제주특별자치도,제주시,화북이동,33.508906,126.562967,2
제주특별자치도,제주시,노형동,33.459423,126.478025,1
제주특별자치도,제주시,도두이동,33.497832,126.487113,1
충청남도,계룡시,,36.286939,127.24264,32
충청남도,계룡시,금암동,36.275679,127.256074,1
충청남도,공주시,,36.480266,127.090122,358
충청남도,공주시,신관동,36.472906,127.137958,23
충청남도,공주시,옥룡동,36.454737,127.134826,15
충청남도,공주시,금학동,36.442028,127.121702,6
충청남도,공주시,금흥동,36.480467,127.150433,5
충청남도,공주시,웅진동,36.461526,127.108329,5
충청남도,공주시,월송동,36.47274,127.154936,4
충청남도,공주시,교동,36.456806,127.119856,3
충청남도,공주시,금성동,36.466908,127.12094,3
충청남도,공주시,봉정동,36.432941,127.094258,3
충청남도,공주시,송선동,36.484672,127.172021,2
충청남도,공주시,오곡동,36.402128,127.113288,2
충청남도,공주시,검상동,36.437064,127.064441,1
충청남도,공주시,동현동,36.487145,127.186701,1
충청남도,공주시,봉황동,36.450247,127.120059,1
충청남도,공주시,산성동,36.45889,127.127287,1
충청남도,공주시,상왕동,36.435012,127.172047,1
충청남도,공주시,석장리동,36.44891,127.188395,1
충청남도,공주시,소학동,36.448032,127.157305,1
충청남도,공주시,신기동,36.429439,127.147172,1
충청남도,공주시,쌍신동,36.4839,127.130713,1
충청남도,공주시,월미동,36.491117,127.100633,1
충청남도,공주시,주미동,36.42288,127.102261,1
충청남도,공주시,중학동,36.445324,127.123254,1
충청남도,공주시,태봉동,36.416033,127.088687,1
충청남도,금산군,,36.112236,127.48979,35
충청남도,논산시,,36.160247,127.095037,32
충청남도,논산시,관촉동,36.194987,127.103565,9
충청남도,논산시,등화동,36.185661,127.058576,2
충청남도,논산시,대교동,36.210871,127.084588,1
충청남도,논산시,부창동,36.199212,127.081785,1
충청남도,당진시,,36.893741,126.690915,121
충청남도,당진시,수청동,36.893675,126.644357,8
충청남도,당진시,원당동,36.915585,126.635953,4
충청남도,당진시,읍내동,36.893971,126.631946,3
충청남도,당진시,채운동,36.891188,126.624993,2
충청남도,당진시,대덕동,36.881371,126.641335,1
충청남도,보령시,,36.315153,126.60393,29
충청남도,보령시,동대동,36.350994,126.605739,8
충청남도,보령시,대천동,36.354436,126.588526,4
충청남도,보령시,신흑동,36.318929,126.511381,4
충청남도,보령시,죽정동,36.356646,126.606498,3
충청남도,보령시,명천동,36.34456,126.601995,2
충청남도,부여군,,36.271558,126.887837,61
충청남도,서산시,,36.787584,126.466379,22
충청남도,서산시,갈산동,36.798446,126.436198,10
충청남도,서산시,읍내동,36.786825,126.450557,3
충청남도,서산시,석림동,36.770779,126.467773,1
충청남도,서산시,양대동,36.752146,126.453027,1
충청남도,서천군,,36.059453,126.665177,32
충청남도,아산시,,36.791068,127.008025,357
충청남도,아산시,온천동,36.782085,126.998664,12
충청남도,아산시,용화동,36.771734,126.994224,11
충청남도,아산시,권곡동,36.79127,127.010091,9
충청남도,아산시,풍기동,36.769527,127.022374,7
충청남도,아산시,방축동,36.77261,126.983904,5
충청남도,아산시,실옥동,36.790235,126.992315,5
충청남도,아산시,배미동,36.799014,126.977208,4
충청남도,아산시,신동,36.789689,127.029339,4
충청남도,아산시,득산동,36.783433,126.969078,3
충청남도,아산시,장존동,36.747328,127.013997,3
충청남도,아산시,기산동,36.756663,126.968737,2
충청남도,아산시,모종동,36.783704,127.015219,2
충청남도,아산시,좌부동,36.756695,127.025893,2
충청남도,아산시,초사동,36.74581,126.974702,2
충청남도,아산시,남동,36.767289,127.036532,1
충청남도,아산시,읍내동,36.76156,127.016874,1
충청남도,예산군,,36.685683,126.821676,213
충청남도,천안시,,36.761809,127.173718,58
충청남도,천안시,성정동,36.816037,127.138418,2
충청남도,천안시,원성동,36.807278,127.158304,2
충청남도,천안시,유량동,36.81778,127.181932,2
충청남도,천안시,구성동,36.7933,127.162457,1
충청남도,천안시,다가동,36.796412,127.14969,1
충청남도,천안시,청당동,36.782736,127.145413,1
충청남도,천안시 동남구,,36.772452,127.240048,50
충청남도,천안시 동남구,유량동,36.813966,127.188562,7
충청남도,천안시 동남구,신방동,36.782627,127.129124,4
충청남도,천안시 동남구,청당동,36.782779,127.157134,3
충청남도,천안시 동남구,삼룡동,36.776105,127.164985,1
충청남도,천안시 동남구,신부동,36.824334,127.162963,1
충청남도,천안시 동남구,오룡동,36.804945,127.15036,1
충청남도,천안시 동남구,원성동,36.803039,127.156642,1
충청남도,천안시 서북구,,36.89266,127.19831,18
충청남도,천안시 서북구,백석동,36.819101,127.113305,11
충청남도,천안시 서북구,성정동,36.821465,127.142634,4
충청남도,천안시 서북구,쌍용동,36.803295,127.125362,4
충청남도,청양군,,36.445539,126.818538,32
충청남도,태안군,,36.717674,126.313421,19
충청남도,홍성군,,36.607381,126.643314,34
충청북도,괴산군,,36.812324,127.786107,37
충청북도,단양군,,36.987417,128.356348,25
충청북도,보은군,,36.485345,127.730646,29
충청북도,영동군,,36.221684,127.767624,55
충청북도,옥천군,,36.310038,127.611324,143
충청북도,음성군,,36.966734,127.606092,132
충청북도,제천시,,37.141294,128.197101,95
충청북도,제천시,신백동,37.129698,128.228789,7
충청북도,제천시,화산동,37.130876,128.215993,7
충청북도,제천시,청전동,37.14823,128.207822,4
충청북도,제천시,명지동,37.116355,128.204496,3
충청북도,제천시,모산동,37.180069,128.204458,3
충청북도,제천시,신월동,37.172927,128.191876,3
충청북도,제천시,하소동,37.143646,128.195739,3
충청북도,제천시,고암동,37.173692,128.237466,2
충청북도,제천시,왕암동,37.146166,128.162321,2
충청북도,제천시,장락동,37.148789,128.221471,2
충청북도,제천시,강제동,37.133183,128.210395,1
충청북도,제천시,교동,37.137234,128.218814,1
충청북도,제천시,산곡동,37.102078,128.199825,1
충청북도,제천시,신동,37.118062,128.173947,1
충청북도,제천시,중앙로2가,37.139637,128.210643,1
충청북도,증평군,,36.79007,127.586603,4
충청북도,진천군,,36.873398,127.444078,243
충청북도,청주시,,36.638485,127.470325,460
충청북도,청주시,율량동,36.667526,127.490339,13
충청북도,청주시,수곡동,36.617981,127.47797,10
충청북도,청주시,가경동,36.619341,127.440513,7
충청북도,청주시,내덕동,36.658986,127.482673,7
충청북도,청주시,사직동,36.640114,127.472344,7
충청북도,청주시,수동,36.645308,127.500661,5
충청북도,청주시,영운동,36.617585,127.504598,5
충청북도,청주시,복대동,36.633926,127.437919,4
충청북도,청주시,금천동,36.630014,127.512505,3
충청북도,청주시,주중동,36.673375,127.490436,3
충청북도,청주시,용암동,36.609997,127.508012,2
충청북도,청주시,용정동,36.635244,127.525243,2
충청북도,청주시,우암동,36.653288,127.48796,2
충청북도,청주시,강서동,36.620924,127.421265,1
충청북도,청주시,대성동,36.635696,127.495512,1
충청북도,청주시,모충동,36.628318,127.478359,1
충청북도,청주시,문화동,36.633332,127.493759,1
충청북도,청주시,방서동,36.604001,127.503575,1
충청북도,청주시,봉명동,36.640947,127.467724,1
충청북도,청주시,사천동,36.662105,127.476035,1
충청북도,청주시,산남동,36.60871,127.464387,1
충청북도,청주시,산성동,36.497877,127.265434,1
충청북도,청주시,서운동,36.631758,127.493246,1
충청북도,청주시,송정동,36.646627,127.434941,1
충청북도,청주시,수의동,36.61182,127.387517,1
충청북도,청주시,신대동,36.676658,127.410996,1
충청북도,청주시,신촌동,36.65611,127.387129,1
충청북도,청주시,영동,36.6411,127.485226,1
충청북도,청주시,용담동,36.636643,127.506765,1
충청북도,청주시,운동동,36.605936,127.527381,1
충청북도,청주시,정상동,36.683607,127.467629,1
충청북도,청주시,주성동,36.670592,127.498973,1
충청북도,청주시,탑동,36.628012,127.499482,1
충청북도,청주시 상당구,,36.591475,127.563124,97
충청북도,청주시 상당구,용암동,36.611559,127.506617,13
충청북도,청주시 상당구,금천동,36.631304,127.510767,11
충청북도,청주시 상당구,용담동,36.635227,127.50256,5
충청북도,청주시 상당구,월오동,36.620849,127.546281,3
충청북도,청주시 상당구,방서동,36.603028,127.505554,1
충청북도,청주시 상당구,산성동,36.64961,127.541242,1
충청북도,청주시 상당구,수동,36.642067,127.495281,1
충청북도,청주시 상당구,영운동,36.497877,127.265434,1
충청북도,청주시 상당구,용정동,36.626906,127.524286,1
충청북도,청주시 상당구,지북동,36.593295,127.506728,1
충청북도,청주시 상당구,탑동,36.631633,127.498669,1
충청북도,청주시 서원구,,36.53739,127.433946,40
충청북도,청주시 서원구,사직동,36.63807,127.471635,6
충청북도,청주시 서원구,개신동,36.623672,127.465471,5
충청북도,청주시 서원구,분평동,36.610685,127.493379,4
충청북도,청주시 서원구,수곡동,36.618107,127.483989,4
충청북도,청주시 서원구,산남동,36.613563,127.471717,3
충청북도,청주시 서원구,모충동,36.624226,127.48846,2
충청북도,청주시 서원구,사창동,36.634607,127.462801,2
충청북도,청주시 서원구,성화동,36.613236,127.450954,2
충청북도,청주시 서원구,장암동,36.592735,127.487377,1
충청북도,청주시 청원구,,36.721585,127.526192,66
충청북도,청주시 청원구,내덕동,36.662757,127.494817,9
충청북도,청주시 청원구,율량동,36.665434,127.50407,5
충청북도,청주시 청원구,사천동,36.678152,127.477387,4
충청북도,청주시 청원구,주중동,36.675666,127.493586,2
충청북도,청주시 청원구,오동동,36.687883,127.472037,1
충청북도,청주시 청원구,외남동,36.699612,127.482853,1
충청북도,청주시 청원구,우암동,36.647231,127.485534,1
충청북도,청주시 흥덕구,,36.632781,127.347435,61
충청북도,청주시 흥덕구,복대동,36.640068,127.4307,11
충청북도,청주시 흥덕구,가경동,36.62253,127.43785,8
충청북도,청주시 흥덕구,봉명동,36.6478,127.459355,3
충청북도,청주시 흥덕구,강서동,36.624004,127.423993,2
충청북도,청주시 흥덕구,동막동,36.5947,127.373995,2
충청북도,청주시 흥덕구,비하동,36.635233,127.421038,2
충청북도,청주시 흥덕구,운천동,36.648993,127.475562,2
충청북도,청주시 흥덕구,서촌동,36.65626,127.405347,1
충청북도,청주시 흥덕구,송절동,36.665961,127.464288,1
충청북도,청주시 흥덕구,신전동,36.607723,127.40279,1
충청북도,청주시 흥덕구,신촌동,36.65288,127.394351,1
충청북도,청주시 흥덕구,원평동,36.668465,127.438982,1
충청북도,청주시 흥덕구,지동동,36.643235,127.401731,1
충청북도,청주시 흥덕구,평동,36.659618,127.41503,1
충청북도,청주시 흥덕구,휴암동,36.622957,127.404541,1
충청북도,충주시,,37.006272,127.908522,369
충청북도,충주시,칠금동,36.984369,127.905336,16
충청북도,충주시,교현동,36.974115,127.941386,15
충청북도,충주시,봉방동,36.975273,127.915827,14
충청북도,충주시,문화동,36.96857,127.923147,9
충청북도,충주시,연수동,36.984325,127.940862,9
충청북도,충주시,용산동,36.963199,127.939607,8
충청북도,충주시,지현동,36.968211,127.932188,6
충청북도,충주시,호암동,36.956752,127.926772,6
충청북도,충주시,안림동,36.97395,127.955196,4
충청북도,충주시,충의동,36.974525,127.929609,3
충청북도,충주시,풍동,36.936227,127.903404,3
충청북도,충주시,가주동,36.93699,127.884616,2
충청북도,충주시,금릉동,36.992169,127.920407,2
충청북도,충주시,단월동,36.949729,127.903818,2
충청북도,충주시,달천동,36.96124,127.906423,2
충청북도,충주시,목벌동,36.961189,127.9937,2
충청북도,충주시,용관동,36.95469,127.885495,2
충청북도,충주시,직동,36.942476,127.96207,2
충청북도,충주시,목행동,37.010804,127.916348,1
충청북도,충주시,성내동,36.970619,127.937221,1
충청북도,충주시,성서동,36.971585,127.93091,1
충청북도,충주시,용두동,36.966571,127.886918,1
충청북도,충주시,종민동,37.007107,127.984457,1
